Correct,Predicted,Actual,individual-local-identifier,Year,Month,Day,UnixTime,location-lat,location-long
False,MIGRATING,SUMMER_HOME,B9FE31,2021.0,10.0,4.0,1633329000.0,45.258747,113.99308
False,MIGRATING,SUMMER_HOME,B9FE31,2021.0,10.0,5.0,1633406500.0,45.258747,113.993
False,MIGRATING,SUMMER_HOME,B9FE31,2021.0,10.0,6.0,1633492900.0,45.258663,113.99282
False,MIGRATING,SUMMER_HOME,B9FE31,2021.0,10.0,7.0,1633579300.0,45.25836,113.99329
False,MIGRATING,SUMMER_HOME,B9FE31,2021.0,10.0,8.0,1633665700.0,45.258705,113.99278
False,MIGRATING,SUMMER_HOME,B9FE31,2021.0,10.0,9.0,1633752200.0,45.258877,113.993
False,MIGRATING,SUMMER_HOME,B9FE31,2021.0,10.0,10.0,1633838500.0,45.258705,113.993
False,MIGRATING,SUMMER_HOME,B9FE31,2021.0,10.0,12.0,1634009200.0,45.258533,113.9927
False,MIGRATING,SUMMER_HOME,B9FE31,2021.0,10.0,13.0,1634097700.0,45.258663,113.9927
False,MIGRATING,SUMMER_HOME,B9FE31,2021.0,10.0,13.0,1634110600.0,45.258686,113.9927
True,MIGRATING,MIGRATING,B9FE31,2021.0,10.0,21.0,1634788900.0,38.21282,116.13443
True,MIGRATING,MIGRATING,B9FE31,2021.0,10.0,22.0,1634875300.0,38.207882,116.12786
True,MIGRATING,MIGRATING,B9FE31,2021.0,10.0,23.0,1634961700.0,38.207928,116.12782
True,MIGRATING,MIGRATING,B9FE31,2021.0,10.0,24.0,1635106700.0,38.207413,116.12743
True,MIGRATING,MIGRATING,B9FE31,2021.0,10.0,25.0,1635134600.0,38.207584,116.129105
True,MIGRATING,MIGRATING,B9FE31,2021.0,10.0,26.0,1635220900.0,38.207455,116.12859
True,MIGRATING,MIGRATING,B9FE31,2021.0,10.0,27.0,1635307300.0,38.20754,116.12829
True,MIGRATING,MIGRATING,B9FE31,2021.0,10.0,28.0,1635393700.0,38.20694,116.128204
True,MIGRATING,MIGRATING,B9FE31,2021.0,10.0,29.0,1635480000.0,38.206898,116.12756
True,MIGRATING,MIGRATING,B9FE31,2021.0,10.0,30.0,1635566500.0,38.207413,116.12889
True,MIGRATING,MIGRATING,B9FE31,2021.0,10.0,31.0,1635652900.0,38.211273,116.13597
True,MIGRATING,MIGRATING,B9FE31,2021.0,11.0,1.0,1635739300.0,38.20754,116.12902
True,MIGRATING,MIGRATING,B9FE31,2021.0,11.0,3.0,1635912100.0,38.207756,116.12817
True,MIGRATING,MIGRATING,B9FE31,2021.0,11.0,4.0,1635998500.0,38.207367,116.12825
True,MIGRATING,MIGRATING,B9FE31,2021.0,11.0,5.0,1636084900.0,38.20771,116.12885
True,MIGRATING,MIGRATING,B9FE31,2021.0,11.0,6.0,1636171300.0,38.207325,116.12825
True,MIGRATING,MIGRATING,B9FE31,2021.0,11.0,7.0,1636257700.0,38.205223,116.131
True,MIGRATING,MIGRATING,B9FE31,2021.0,11.0,7.0,1636324000.0,38.20524,116.131004
True,MIGRATING,MIGRATING,B9FE31,2021.0,11.0,8.0,1636344000.0,38.21342,116.13443
True,MIGRATING,MIGRATING,B9FE31,2021.0,11.0,9.0,1636430500.0,38.213375,116.13443
True,MIGRATING,MIGRATING,B9FE31,2021.0,11.0,10.0,1636516900.0,38.21282,116.134346
True,MIGRATING,MIGRATING,B9FE31,2021.0,11.0,11.0,1636663600.0,38.212948,116.134514
True,MIGRATING,MIGRATING,B9FE31,2021.0,11.0,13.0,1636830800.0,38.212776,116.134514
True,MIGRATING,MIGRATING,B9FE31,2021.0,11.0,14.0,1636862500.0,38.208183,116.12881
True,MIGRATING,MIGRATING,B9FE31,2021.0,11.0,15.0,1637003500.0,38.20711,116.128075
True,MIGRATING,MIGRATING,B9FE31,2021.0,11.0,16.0,1637035300.0,38.208313,116.12894
True,MIGRATING,MIGRATING,B9FE31,2021.0,11.0,17.0,1637121700.0,38.2081,116.128975
True,MIGRATING,MIGRATING,B9FE31,2021.0,11.0,20.0,1637380900.0,30.681002,111.20204
True,MIGRATING,MIGRATING,B9FE31,2021.0,11.0,21.0,1637471000.0,26.483065,108.3377
True,MIGRATING,MIGRATING,B9FE31,2021.0,11.0,22.0,1637557200.0,23.950672,108.10943
True,MIGRATING,MIGRATING,B9FE31,2021.0,11.0,23.0,1637643600.0,23.945093,108.11282
True,MIGRATING,MIGRATING,B9FE31,2021.0,11.0,24.0,1637730000.0,23.936768,108.10763
True,MIGRATING,MIGRATING,B9FE31,2021.0,11.0,24.0,1637773800.0,23.936787,108.10763
True,MIGRATING,MIGRATING,B9FE31,2021.0,11.0,25.0,1637816400.0,23.936598,108.10737
True,MIGRATING,MIGRATING,B9FE31,2021.0,11.0,26.0,1637902800.0,23.937155,108.10848
True,MIGRATING,MIGRATING,B9FE31,2021.0,11.0,27.0,1637994500.0,23.937368,108.108444
True,MIGRATING,MIGRATING,B9FE31,2021.0,11.0,27.0,1637995000.0,23.937365,108.10847
True,MIGRATING,MIGRATING,B9FE31,2021.0,11.0,28.0,1638075800.0,23.937412,108.10866
True,MIGRATING,MIGRATING,B9FE31,2021.0,11.0,29.0,1638197200.0,23.937584,108.109215
True,MIGRATING,MIGRATING,B9FE31,2021.0,11.0,30.0,1638248400.0,23.937326,108.108444
True,MIGRATING,MIGRATING,B9FE31,2021.0,12.0,1.0,1638334800.0,23.938314,108.109604
True,MIGRATING,MIGRATING,B9FE31,2021.0,12.0,2.0,1638421200.0,23.934494,108.10943
True,MIGRATING,MIGRATING,B9FE31,2021.0,12.0,3.0,1638507600.0,23.93471,108.10951
True,MIGRATING,MIGRATING,B9FE31,2021.0,12.0,4.0,1638591600.0,23.934736,108.10953
True,MIGRATING,MIGRATING,B9FE31,2021.0,12.0,4.0,1638594000.0,23.93458,108.10982
True,MIGRATING,MIGRATING,B9FE31,2021.0,12.0,6.0,1638793600.0,23.934536,108.10943
True,MIGRATING,MIGRATING,B9FE31,2021.0,12.0,7.0,1638853200.0,23.93458,108.10956
True,MIGRATING,MIGRATING,B9FE31,2021.0,12.0,9.0,1639026200.0,23.93458,108.109604
True,MIGRATING,MIGRATING,B9FE31,2021.0,12.0,11.0,1639217300.0,23.938484,108.10969
True,MIGRATING,MIGRATING,B9FE31,2021.0,12.0,14.0,1639458200.0,23.93471,108.10956
True,MIGRATING,MIGRATING,B9FE31,2021.0,12.0,14.0,1639474200.0,23.934727,108.10959
True,MIGRATING,MIGRATING,B9FE31,2021.0,12.0,15.0,1639544400.0,23.934408,108.10956
True,MIGRATING,MIGRATING,B9FE31,2021.0,12.0,16.0,1639630800.0,23.934793,108.10943
True,MIGRATING,MIGRATING,B9FE31,2021.0,12.0,16.0,1639695200.0,23.934834,108.10947
True,MIGRATING,MIGRATING,B9FE31,2021.0,12.0,17.0,1639717200.0,23.934536,108.109474
True,MIGRATING,MIGRATING,B9FE31,2021.0,12.0,19.0,1639890000.0,23.934752,108.10939
True,MIGRATING,MIGRATING,B9FE31,2021.0,12.0,20.0,1639976400.0,23.93471,108.10943
True,MIGRATING,MIGRATING,B9FE31,2021.0,12.0,21.0,1640062800.0,23.934536,108.10951
True,MIGRATING,MIGRATING,B9FE31,2021.0,12.0,22.0,1640153900.0,23.934666,108.10969
True,MIGRATING,MIGRATING,B9FE31,2021.0,12.0,23.0,1640235600.0,23.93471,108.109604
True,MIGRATING,MIGRATING,B9FE31,2021.0,12.0,24.0,1640322200.0,23.93458,108.10956
True,MIGRATING,MIGRATING,B9FE31,2021.0,12.0,26.0,1640493800.0,23.934752,108.109344
True,MIGRATING,MIGRATING,B9FE31,2021.0,12.0,26.0,1640494800.0,23.934793,108.109344
True,MIGRATING,MIGRATING,B9FE31,2021.0,12.0,27.0,1640581400.0,23.934536,108.10973
True,MIGRATING,MIGRATING,B9FE31,2021.0,12.0,28.0,1640667800.0,23.934408,108.10982
True,MIGRATING,MIGRATING,B9FE31,2021.0,12.0,29.0,1640754000.0,23.934666,108.109604
True,MIGRATING,MIGRATING,B9FE31,2021.0,12.0,31.0,1640971000.0,23.93458,108.109344
True,MIGRATING,MIGRATING,B9FE31,2022.0,1.0,1.0,1641013200.0,23.937069,108.1087
True,MIGRATING,MIGRATING,B9FE31,2022.0,1.0,2.0,1641099600.0,23.93471,108.10956
True,MIGRATING,MIGRATING,B9FE31,2022.0,1.0,3.0,1641186000.0,23.933893,108.10982
True,MIGRATING,MIGRATING,B9FE31,2022.0,1.0,4.0,1641272600.0,23.934494,108.10977
True,MIGRATING,MIGRATING,B9FE31,2022.0,1.0,4.0,1641311200.0,23.934523,108.10979
True,MIGRATING,MIGRATING,B9FE31,2022.0,1.0,6.0,1641445400.0,23.934366,108.10977
True,MIGRATING,MIGRATING,B9FE31,2022.0,1.0,7.0,1641513600.0,23.934381,108.109795
True,MIGRATING,MIGRATING,B9FE31,2022.0,1.0,7.0,1641531800.0,23.934666,108.10956
True,MIGRATING,MIGRATING,B9FE31,2022.0,1.0,9.0,1641704400.0,23.93458,108.10977
True,MIGRATING,MIGRATING,B9FE31,2022.0,1.0,9.0,1641734500.0,23.934608,108.10979
True,MIGRATING,MIGRATING,B9FE31,2022.0,1.0,11.0,1641877200.0,23.934837,108.10926
True,MIGRATING,MIGRATING,B9FE31,2022.0,1.0,12.0,1641963800.0,23.93445,108.10977
True,MIGRATING,MIGRATING,B9FE31,2022.0,1.0,12.0,1641990900.0,23.93449,108.10979
True,MIGRATING,MIGRATING,B9FE31,2022.0,1.0,13.0,1642050000.0,23.936726,108.10763
True,MIGRATING,MIGRATING,B9FE31,2022.0,1.0,14.0,1642136400.0,23.934237,108.10977
True,MIGRATING,MIGRATING,B9FE31,2022.0,1.0,14.0,1642193300.0,23.934265,108.109795
True,MIGRATING,MIGRATING,B9FE31,2022.0,1.0,19.0,1642568400.0,23.936983,108.10776
True,MIGRATING,MIGRATING,B9FE31,2022.0,1.0,20.0,1642654800.0,23.936941,108.10776
True,MIGRATING,MIGRATING,B9FE31,2022.0,1.0,21.0,1642741400.0,23.936897,108.107796
True,MIGRATING,MIGRATING,B9FE31,2022.0,1.0,23.0,1642914000.0,23.936853,108.10784
True,MIGRATING,MIGRATING,B9FE31,2022.0,1.0,24.0,1643000400.0,23.936941,108.107796
True,MIGRATING,MIGRATING,B9FE31,2022.0,1.0,25.0,1643086800.0,23.936897,108.107796
True,MIGRATING,MIGRATING,B9FE31,2022.0,1.0,26.0,1643173200.0,23.937368,108.10767
True,MIGRATING,MIGRATING,B9FE31,2022.0,1.0,27.0,1643259600.0,23.936853,108.10784
True,MIGRATING,MIGRATING,B9FE31,2022.0,1.0,29.0,1643468900.0,23.936941,108.107796
True,MIGRATING,MIGRATING,B9FE31,2022.0,1.0,30.0,1643518800.0,23.936983,108.107796
True,MIGRATING,MIGRATING,B9FE31,2022.0,2.0,1.0,1643691600.0,23.936941,108.10776
True,MIGRATING,MIGRATING,B9FE31,2022.0,2.0,2.0,1643778000.0,23.936983,108.10776
True,MIGRATING,MIGRATING,B9FE31,2022.0,2.0,3.0,1643864600.0,23.936941,108.107796
True,MIGRATING,MIGRATING,B9FE31,2022.0,2.0,4.0,1643946600.0,23.936935,108.1078
True,MIGRATING,MIGRATING,B9FE31,2022.0,2.0,4.0,1643951000.0,23.936983,108.107796
True,MIGRATING,MIGRATING,B9FE31,2022.0,2.0,5.0,1644037400.0,23.936897,108.10776
True,MIGRATING,MIGRATING,B9FE31,2022.0,2.0,6.0,1644123800.0,23.936897,108.10776
True,MIGRATING,MIGRATING,B9FE31,2022.0,2.0,9.0,1644383000.0,23.936941,108.10776
True,MIGRATING,MIGRATING,B9FE31,2022.0,2.0,12.0,1644625900.0,23.936682,108.10763
True,MIGRATING,MIGRATING,B9FE31,2022.0,2.0,12.0,1644626400.0,23.93671,108.10765
True,MIGRATING,MIGRATING,B9FE31,2022.0,2.0,26.0,1645847700.0,23.936897,108.107796
True,MIGRATING,MIGRATING,B9FE31,2022.0,2.0,27.0,1645938000.0,23.936941,108.107796
True,MIGRATING,MIGRATING,B9FE31,2022.0,2.0,28.0,1646024600.0,23.936941,108.10776
True,MIGRATING,MIGRATING,B9FE31,2022.0,3.0,1.0,1646111000.0,23.936983,108.10776
True,MIGRATING,MIGRATING,B9FE31,2022.0,3.0,2.0,1646197200.0,23.936941,108.10776
True,MIGRATING,MIGRATING,B9FE31,2022.0,3.0,3.0,1646283600.0,23.936941,108.107796
True,MIGRATING,MIGRATING,B9FE31,2022.0,3.0,3.0,1646325600.0,23.936968,108.10781
False,MIGRATING,SUMMER_HOME,B3B92C,2021.0,8.0,28.0,1630130400.0,48.03966,91.64444
False,MIGRATING,SUMMER_HOME,B3B92C,2021.0,8.0,29.0,1630216800.0,48.041294,91.64212
False,MIGRATING,SUMMER_HOME,B3B92C,2021.0,8.0,30.0,1630285700.0,48.041294,91.64216
False,MIGRATING,SUMMER_HOME,B3B92C,2021.0,8.0,30.0,1630303400.0,48.040005,91.63847
False,MIGRATING,SUMMER_HOME,B3B92C,2021.0,8.0,31.0,1630389600.0,48.04949,91.700745
False,MIGRATING,SUMMER_HOME,B3B92C,2021.0,9.0,1.0,1630458600.0,48.049515,91.70078
False,MIGRATING,SUMMER_HOME,B3B92C,2021.0,9.0,1.0,1630476000.0,48.020435,91.616806
False,MIGRATING,SUMMER_HOME,B3B92C,2021.0,9.0,2.0,1630613800.0,48.033268,91.630325
False,MIGRATING,SUMMER_HOME,B3B92C,2021.0,9.0,3.0,1630648800.0,48.03335,91.630325
False,MIGRATING,SUMMER_HOME,B3B92C,2021.0,9.0,4.0,1630735200.0,48.03344,91.630325
False,MIGRATING,SUMMER_HOME,B3B92C,2021.0,9.0,5.0,1630821800.0,48.033226,91.630196
False,MIGRATING,SUMMER_HOME,B3B92C,2021.0,9.0,5.0,1630882400.0,48.03326,91.630226
False,MIGRATING,SUMMER_HOME,B3B92C,2021.0,9.0,6.0,1630908200.0,48.033268,91.63023
False,MIGRATING,SUMMER_HOME,B3B92C,2021.0,9.0,7.0,1630994400.0,48.03344,91.63041
False,MIGRATING,SUMMER_HOME,B3B92C,2021.0,9.0,7.0,1631037800.0,48.033443,91.630424
False,MIGRATING,SUMMER_HOME,BF1F2B,2021.0,10.0,1.0,1633060900.0,45.25806,113.99287
False,MIGRATING,SUMMER_HOME,BF1F2B,2021.0,10.0,2.0,1633147300.0,45.25909,113.99355
False,MIGRATING,SUMMER_HOME,BF1F2B,2021.0,10.0,3.0,1633233700.0,45.25909,113.99342
False,MIGRATING,SUMMER_HOME,BF1F2B,2021.0,10.0,4.0,1633320100.0,45.258705,113.994194
False,MIGRATING,SUMMER_HOME,BF1F2B,2021.0,10.0,5.0,1633406500.0,45.259132,113.99454
False,MIGRATING,SUMMER_HOME,BF1F2B,2021.0,10.0,6.0,1633492900.0,45.25922,113.99424
False,MIGRATING,SUMMER_HOME,BF1F2B,2021.0,10.0,7.0,1633579300.0,45.261192,113.99604
False,MIGRATING,SUMMER_HOME,BF1F2B,2021.0,10.0,8.0,1633665500.0,45.260765,113.99596
False,MIGRATING,SUMMER_HOME,BF1F2B,2021.0,10.0,9.0,1633752000.0,45.26042,113.99574
False,MIGRATING,SUMMER_HOME,BF1F2B,2021.0,10.0,10.0,1633838500.0,45.259605,113.9948
False,MIGRATING,SUMMER_HOME,BF1F2B,2021.0,10.0,11.0,1633924900.0,45.260677,113.99579
False,MIGRATING,SUMMER_HOME,BF1F2B,2021.0,10.0,12.0,1634011100.0,45.260723,113.99591
False,MIGRATING,SUMMER_HOME,BF1F2B,2021.0,10.0,13.0,1634097700.0,45.260506,113.9963
False,MIGRATING,SUMMER_HOME,BF1F2B,2021.0,10.0,13.0,1634110600.0,45.26051,113.996315
False,MIGRATING,SUMMER_HOME,BF1F2B,2021.0,10.0,14.0,1634184100.0,45.260765,113.996086
False,MIGRATING,SUMMER_HOME,BF1F2B,2021.0,10.0,15.0,1634270500.0,45.260635,113.99604
False,MIGRATING,SUMMER_HOME,BF1F2B,2021.0,10.0,15.0,1634277800.0,45.26065,113.99608
False,MIGRATING,SUMMER_HOME,B89A08,2021.0,8.0,23.0,1629698400.0,48.147854,92.19642
False,MIGRATING,SUMMER_HOME,B89A08,2021.0,8.0,24.0,1629784800.0,49.537193,94.050964
False,MIGRATING,SUMMER_HOME,B89A08,2021.0,8.0,25.0,1629871400.0,50.666897,94.913734
False,MIGRATING,SUMMER_HOME,B89A08,2021.0,8.0,26.0,1629957800.0,50.920357,95.142296
False,MIGRATING,SUMMER_HOME,B89A08,2021.0,8.0,27.0,1630044200.0,50.921684,95.140366
False,MIGRATING,SUMMER_HOME,B89A08,2021.0,8.0,28.0,1630130600.0,50.919197,95.14445
False,MIGRATING,SUMMER_HOME,B89A08,2021.0,8.0,29.0,1630216800.0,50.91001,95.20654
False,MIGRATING,SUMMER_HOME,B89A08,2021.0,8.0,31.0,1630389800.0,49.72302,100.38419
False,MIGRATING,SUMMER_HOME,B89A08,2021.0,9.0,1.0,1630472400.0,49.720486,100.37235
False,MIGRATING,SUMMER_HOME,B89A08,2021.0,9.0,2.0,1630558800.0,49.72057,100.345314
False,MIGRATING,SUMMER_HOME,B89A08,2021.0,9.0,3.0,1630645400.0,49.720272,100.36995
False,MIGRATING,SUMMER_HOME,B89A08,2021.0,9.0,4.0,1630731600.0,49.725548,100.373634
False,MIGRATING,SUMMER_HOME,B89A08,2021.0,9.0,5.0,1630818200.0,49.72748,100.37183
False,MIGRATING,SUMMER_HOME,B89A08,2021.0,9.0,6.0,1630904400.0,49.726707,100.37106
False,MIGRATING,SUMMER_HOME,B89A08,2021.0,9.0,7.0,1630991000.0,49.725594,100.37342
False,MIGRATING,SUMMER_HOME,B89A08,2021.0,9.0,9.0,1631163800.0,49.72469,100.37883
False,MIGRATING,SUMMER_HOME,B89A08,2021.0,9.0,10.0,1631250000.0,49.725937,100.37956
False,MIGRATING,SUMMER_HOME,B89A08,2021.0,9.0,11.0,1631336400.0,49.726364,100.37836
False,MIGRATING,SUMMER_HOME,B89A08,2021.0,9.0,12.0,1631422800.0,49.32416,97.4169
False,MIGRATING,SUMMER_HOME,B89A08,2021.0,9.0,13.0,1631512800.0,48.398563,93.85068
False,MIGRATING,SUMMER_HOME,B89A08,2021.0,9.0,14.0,1631599200.0,45.913937,91.72611
False,MIGRATING,SUMMER_HOME,B89A08,2021.0,9.0,15.0,1631685600.0,45.292778,89.11291
False,MIGRATING,SUMMER_HOME,B89A08,2021.0,9.0,15.0,1631735600.0,45.292805,89.112946
False,MIGRATING,SUMMER_HOME,B89A08,2021.0,9.0,29.0,1632898800.0,44.670635,76.67127
False,MIGRATING,SUMMER_HOME,B89A08,2021.0,10.0,1.0,1633071600.0,44.6669,76.65471
False,MIGRATING,SUMMER_HOME,B89A08,2021.0,10.0,2.0,1633158100.0,42.6964,73.79736
False,MIGRATING,SUMMER_HOME,B89A08,2021.0,10.0,3.0,1633244400.0,41.356842,66.404854
False,MIGRATING,SUMMER_HOME,B89A08,2021.0,10.0,3.0,1633248000.0,41.356884,66.404854
True,MIGRATING,MIGRATING,B89A08,2021.0,10.0,4.0,1633334400.0,37.05672,59.88296
True,MIGRATING,MIGRATING,B89A08,2021.0,10.0,5.0,1633420800.0,36.578945,54.915638
True,MIGRATING,MIGRATING,B89A08,2021.0,10.0,6.0,1633507100.0,36.807514,54.24024
True,MIGRATING,MIGRATING,B89A08,2021.0,10.0,7.0,1633593700.0,36.807343,54.24011
True,MIGRATING,MIGRATING,B89A08,2021.0,10.0,9.0,1633766400.0,36.807213,54.240322
True,MIGRATING,MIGRATING,B89A08,2021.0,10.0,11.0,1633939200.0,36.807686,54.24011
True,MIGRATING,MIGRATING,B89A08,2021.0,10.0,12.0,1634025700.0,36.80747,54.239765
True,MIGRATING,MIGRATING,B89A08,2021.0,10.0,13.0,1634112000.0,36.80777,54.240025
True,MIGRATING,MIGRATING,B89A08,2021.0,10.0,14.0,1634187500.0,36.807808,54.24005
True,MIGRATING,MIGRATING,B89A08,2021.0,10.0,15.0,1634284800.0,25.111362,51.247234
True,MIGRATING,MIGRATING,B89A08,2021.0,10.0,15.0,1634288500.0,25.111404,51.247234
True,MIGRATING,MIGRATING,B89A08,2021.0,10.0,16.0,1634374900.0,25.11192,51.247192
True,MIGRATING,MIGRATING,B89A08,2021.0,10.0,17.0,1634461400.0,25.11192,51.24715
True,MIGRATING,MIGRATING,B89A08,2021.0,10.0,18.0,1634547800.0,25.111792,51.247192
True,MIGRATING,MIGRATING,B89A08,2021.0,10.0,18.0,1634557000.0,25.111797,51.24723
True,MIGRATING,MIGRATING,B89A08,2021.0,10.0,19.0,1634634100.0,25.11205,51.251614
True,MIGRATING,MIGRATING,B89A08,2021.0,10.0,20.0,1634720400.0,18.115902,46.17357
True,MIGRATING,MIGRATING,B89A08,2021.0,10.0,21.0,1634806900.0,13.272431,40.495052
True,MIGRATING,MIGRATING,B89A08,2021.0,10.0,22.0,1634893300.0,9.977949,37.301163
True,MIGRATING,MIGRATING,B89A08,2021.0,10.0,22.0,1634896900.0,9.977905,37.300907
True,MIGRATING,MIGRATING,B89A08,2021.0,10.0,23.0,1634983300.0,9.980952,37.298973
True,MIGRATING,MIGRATING,B89A08,2021.0,10.0,24.0,1635069700.0,9.980481,37.298847
True,MIGRATING,MIGRATING,B89A08,2021.0,10.0,25.0,1635156100.0,9.981597,37.297
True,MIGRATING,MIGRATING,B89A08,2021.0,10.0,26.0,1635242400.0,9.980094,37.298588
True,MIGRATING,MIGRATING,B89A08,2021.0,10.0,26.0,1635243100.0,9.980093,37.298584
True,MIGRATING,MIGRATING,B89A08,2021.0,10.0,27.0,1635328900.0,9.979279,37.298374
True,MIGRATING,MIGRATING,B89A08,2021.0,10.0,28.0,1635415300.0,9.97885,37.299316
True,MIGRATING,MIGRATING,B89A08,2021.0,10.0,30.0,1635582700.0,9.979408,37.30005
True,MIGRATING,MIGRATING,B89A08,2021.0,10.0,30.0,1635583100.0,9.979438,37.300056
True,MIGRATING,MIGRATING,B89A08,2021.0,10.0,30.0,1635588100.0,9.979236,37.29992
True,MIGRATING,MIGRATING,B89A08,2021.0,10.0,31.0,1635674500.0,9.981297,37.299576
True,MIGRATING,MIGRATING,B89A08,2021.0,11.0,1.0,1635760900.0,6.4625373,34.662815
True,MIGRATING,MIGRATING,B89A08,2021.0,11.0,2.0,1635847300.0,2.8114278,32.334957
False,MIGRATING,WINTER_HOME,B89A08,2021.0,11.0,3.0,1635933700.0,-2.3721461,29.916418
False,MIGRATING,WINTER_HOME,B89A08,2021.0,11.0,4.0,1636020100.0,-4.0202675,30.68426
False,MIGRATING,WINTER_HOME,B89A08,2021.0,11.0,5.0,1636106500.0,-4.037348,30.681213
False,MIGRATING,WINTER_HOME,B89A08,2021.0,11.0,5.0,1636137900.0,-4.0373683,30.681242
False,MIGRATING,WINTER_HOME,B89A08,2021.0,11.0,7.0,1636279300.0,-4.042712,30.682673
False,MIGRATING,WINTER_HOME,B89A08,2021.0,11.0,8.0,1636352600.0,-4.042722,30.682701
False,MIGRATING,WINTER_HOME,B89A08,2021.0,11.0,8.0,1636365700.0,-4.039193,30.680912
False,MIGRATING,WINTER_HOME,B89A08,2021.0,11.0,9.0,1636452100.0,-4.0409527,30.681341
False,MIGRATING,WINTER_HOME,B89A08,2021.0,11.0,9.0,1636478000.0,-4.040984,30.68134
False,MIGRATING,WINTER_HOME,B89A08,2021.0,11.0,10.0,1636538500.0,-4.0411243,30.68147
False,MIGRATING,WINTER_HOME,B89A08,2021.0,11.0,11.0,1636624900.0,-5.601355,31.279625
False,MIGRATING,WINTER_HOME,B89A08,2021.0,11.0,12.0,1636692700.0,-5.601354,31.279644
False,MIGRATING,WINTER_HOME,B89A08,2021.0,11.0,12.0,1636711300.0,-5.6339707,31.105646
False,MIGRATING,WINTER_HOME,B89A08,2021.0,11.0,13.0,1636797700.0,-5.6367173,31.106976
False,MIGRATING,WINTER_HOME,B89A08,2021.0,11.0,13.0,1636818000.0,-5.6367164,31.106974
False,MIGRATING,WINTER_HOME,B89A08,2021.0,11.0,14.0,1636884100.0,-5.6357303,31.108263
False,MIGRATING,WINTER_HOME,B89A08,2021.0,11.0,15.0,1636970600.0,-5.6359878,31.107662
False,MIGRATING,WINTER_HOME,B89A08,2021.0,11.0,16.0,1637056900.0,-5.6360736,31.107363
False,MIGRATING,WINTER_HOME,B89A08,2021.0,11.0,17.0,1637143300.0,-5.6355157,31.107534
False,MIGRATING,WINTER_HOME,B89A08,2021.0,11.0,17.0,1637158100.0,-5.6355147,31.107563
False,MIGRATING,WINTER_HOME,B89A08,2021.0,11.0,18.0,1637229700.0,-5.634829,31.107405
False,MIGRATING,WINTER_HOME,B89A08,2021.0,11.0,19.0,1637316100.0,-5.634829,31.107576
False,MIGRATING,WINTER_HOME,B89A08,2021.0,11.0,20.0,1637373000.0,-5.6348495,31.107607
False,MIGRATING,WINTER_HOME,B89A08,2021.0,11.0,20.0,1637402500.0,-5.634357,31.10792
False,MIGRATING,WINTER_HOME,B89A08,2021.0,11.0,21.0,1637488900.0,-5.6351724,31.107748
False,MIGRATING,WINTER_HOME,B89A08,2021.0,11.0,21.0,1637498200.0,-5.635193,31.107746
False,MIGRATING,WINTER_HOME,B89A08,2021.0,11.0,22.0,1637575300.0,-5.6350436,31.107748
False,MIGRATING,WINTER_HOME,B89A08,2021.0,11.0,23.0,1637661700.0,-5.6350007,31.10749
False,MIGRATING,WINTER_HOME,B89A08,2021.0,11.0,24.0,1637713200.0,-5.6349998,31.107521
False,MIGRATING,WINTER_HOME,B89A08,2021.0,11.0,24.0,1637748000.0,-5.634314,31.107834
False,MIGRATING,WINTER_HOME,B89A08,2021.0,11.0,25.0,1637834500.0,-9.78337,31.181562
False,MIGRATING,WINTER_HOME,B89A08,2021.0,11.0,26.0,1637920900.0,-9.901173,31.153496
False,MIGRATING,WINTER_HOME,B89A08,2021.0,11.0,27.0,1638007300.0,-9.898984,31.15753
False,MIGRATING,WINTER_HOME,B89A08,2021.0,11.0,28.0,1638093700.0,-10.01932,31.104015
False,MIGRATING,WINTER_HOME,B89A08,2021.0,11.0,29.0,1638180100.0,-10.018675,31.103971
False,MIGRATING,WINTER_HOME,B89A08,2021.0,11.0,30.0,1638266600.0,-12.041705,31.000803
False,MIGRATING,WINTER_HOME,B89A08,2021.0,12.0,1.0,1638352900.0,-12.962411,30.638126
False,MIGRATING,WINTER_HOME,B89A08,2021.0,12.0,2.0,1638439300.0,-13.782266,30.633234
False,MIGRATING,WINTER_HOME,B89A08,2021.0,12.0,3.0,1638525700.0,-13.783896,30.63186
False,MIGRATING,WINTER_HOME,B89A08,2021.0,12.0,4.0,1638602000.0,-13.783905,30.63189
False,MIGRATING,WINTER_HOME,B89A08,2021.0,12.0,4.0,1638612100.0,-13.781579,30.633062
False,MIGRATING,WINTER_HOME,B89A08,2021.0,12.0,5.0,1638698500.0,-13.786428,30.634521
False,MIGRATING,WINTER_HOME,B89A08,2021.0,12.0,5.0,1638733400.0,-13.786459,30.63453
False,MIGRATING,WINTER_HOME,B89A08,2021.0,12.0,6.0,1638784900.0,-13.786386,30.635765
False,MIGRATING,WINTER_HOME,B89A08,2021.0,12.0,7.0,1638871300.0,-13.785313,30.635508
False,MIGRATING,WINTER_HOME,B89A08,2021.0,12.0,8.0,1638942000.0,-13.785332,30.635538
False,MIGRATING,WINTER_HOME,B89A08,2021.0,12.0,8.0,1638957700.0,-16.68506,29.126175
False,MIGRATING,WINTER_HOME,B89A08,2021.0,12.0,9.0,1639044100.0,-16.684975,29.126219
False,MIGRATING,WINTER_HOME,B89A08,2021.0,12.0,10.0,1639130500.0,-17.81455,27.95802
False,MIGRATING,WINTER_HOME,B89A08,2021.0,12.0,11.0,1639217000.0,-17.064432,28.864134
False,MIGRATING,WINTER_HOME,B89A08,2021.0,12.0,11.0,1639246100.0,-17.06469,28.863663
False,MIGRATING,WINTER_HOME,B89A08,2021.0,12.0,11.0,1639246500.0,-17.064718,28.863691
False,MIGRATING,WINTER_HOME,B89A08,2021.0,12.0,12.0,1639303300.0,-16.891356,28.901428
False,MIGRATING,WINTER_HOME,B89A08,2021.0,12.0,13.0,1639389700.0,-16.254877,29.540909
False,MIGRATING,WINTER_HOME,B89A08,2021.0,12.0,14.0,1639476100.0,-16.949934,28.90971
False,MIGRATING,WINTER_HOME,B89A08,2021.0,12.0,15.0,1639562500.0,-16.895218,28.919752
False,MIGRATING,WINTER_HOME,B89A08,2021.0,12.0,16.0,1639649000.0,-16.894058,28.922413
False,MIGRATING,WINTER_HOME,B89A08,2021.0,12.0,17.0,1639705600.0,-16.894066,28.922443
False,MIGRATING,WINTER_HOME,B89A08,2021.0,12.0,17.0,1639735300.0,-16.896032,28.922886
False,MIGRATING,WINTER_HOME,B89A08,2021.0,12.0,18.0,1639821700.0,-16.892729,28.92383
False,MIGRATING,WINTER_HOME,B89A08,2021.0,12.0,19.0,1639908100.0,-16.892986,28.921942
False,MIGRATING,WINTER_HOME,B89A08,2021.0,12.0,20.0,1639994500.0,-16.8938,28.922285
False,MIGRATING,WINTER_HOME,B89A08,2021.0,12.0,21.0,1640045600.0,-16.893808,28.922293
False,MIGRATING,WINTER_HOME,B89A08,2021.0,12.0,21.0,1640080900.0,-18.449612,28.817614
False,MIGRATING,WINTER_HOME,B89A08,2021.0,12.0,22.0,1640167300.0,-18.4736,28.825253
False,MIGRATING,WINTER_HOME,B89A08,2021.0,12.0,23.0,1640253800.0,-18.468193,28.824738
False,MIGRATING,WINTER_HOME,B89A08,2021.0,12.0,24.0,1640340100.0,-18.467592,28.824867
False,MIGRATING,WINTER_HOME,B89A08,2021.0,12.0,25.0,1640426500.0,-19.790802,28.9543
False,MIGRATING,WINTER_HOME,B89A08,2021.0,12.0,26.0,1640512900.0,-19.790373,28.954342
False,MIGRATING,WINTER_HOME,B89A08,2021.0,12.0,27.0,1640599300.0,-19.791445,28.954428
False,MIGRATING,WINTER_HOME,B89A08,2021.0,12.0,28.0,1640685700.0,-21.97764,31.036724
False,MIGRATING,WINTER_HOME,B89A08,2021.0,12.0,29.0,1640772100.0,-22.740932,31.670282
False,MIGRATING,WINTER_HOME,B89A08,2021.0,12.0,30.0,1640858500.0,-22.13149,30.623707
False,MIGRATING,WINTER_HOME,B89A08,2021.0,12.0,31.0,1640944900.0,-22.131062,30.623707
False,MIGRATING,WINTER_HOME,B89A08,2022.0,1.0,2.0,1641117700.0,-21.457592,29.785011
False,MIGRATING,WINTER_HOME,B89A08,2022.0,1.0,3.0,1641204100.0,-21.457977,29.78497
False,MIGRATING,WINTER_HOME,B89A08,2022.0,1.0,4.0,1641286100.0,-21.458006,29.784998
False,MIGRATING,WINTER_HOME,B89A08,2022.0,1.0,7.0,1641549700.0,-21.455618,29.785269
False,MIGRATING,WINTER_HOME,B89A08,2022.0,1.0,8.0,1641626000.0,-21.455647,29.7853
False,MIGRATING,WINTER_HOME,B89A08,2022.0,1.0,8.0,1641636100.0,-21.38146,29.574984
False,MIGRATING,WINTER_HOME,B89A08,2022.0,1.0,9.0,1641722500.0,-21.379957,29.57434
False,MIGRATING,WINTER_HOME,B89A08,2022.0,1.0,10.0,1641808900.0,-21.366955,29.60687
False,MIGRATING,WINTER_HOME,B89A08,2022.0,1.0,11.0,1641895300.0,-21.367254,29.607256
False,MIGRATING,WINTER_HOME,B89A08,2022.0,1.0,12.0,1641981800.0,-21.36734,29.606913
False,MIGRATING,WINTER_HOME,B89A08,2022.0,1.0,13.0,1642068100.0,-21.367598,29.60717
False,MIGRATING,WINTER_HOME,B89A08,2022.0,1.0,13.0,1642084700.0,-21.367605,29.60718
False,MIGRATING,WINTER_HOME,B89A08,2022.0,1.0,14.0,1642154500.0,-21.442657,29.571808
False,MIGRATING,WINTER_HOME,B89A08,2022.0,1.0,15.0,1642240800.0,-21.437979,29.580692
False,MIGRATING,WINTER_HOME,B89A08,2022.0,1.0,16.0,1642327300.0,-21.440125,29.608458
False,MIGRATING,WINTER_HOME,B89A08,2022.0,1.0,17.0,1642424300.0,-20.798883,28.807787
False,MIGRATING,WINTER_HOME,B89A08,2022.0,1.0,17.0,1642424600.0,-20.7989,28.807827
False,MIGRATING,WINTER_HOME,B89A08,2022.0,1.0,18.0,1642500100.0,-20.79867,28.807272
False,MIGRATING,WINTER_HOME,B89A08,2022.0,1.0,19.0,1642562000.0,-20.798676,28.80728
False,MIGRATING,WINTER_HOME,B89A08,2022.0,1.0,19.0,1642586500.0,-19.987698,28.26967
False,MIGRATING,WINTER_HOME,B89A08,2022.0,1.0,20.0,1642672900.0,-19.712137,28.294176
False,MIGRATING,WINTER_HOME,B89A08,2022.0,1.0,21.0,1642759300.0,-19.717974,28.33383
False,MIGRATING,WINTER_HOME,B89A08,2022.0,1.0,22.0,1642845700.0,-19.719048,28.33842
False,MIGRATING,WINTER_HOME,B89A08,2022.0,1.0,23.0,1642901900.0,-19.719065,28.33843
False,MIGRATING,WINTER_HOME,B89A08,2022.0,1.0,23.0,1642932100.0,-18.882113,27.958792
False,MIGRATING,WINTER_HOME,B89A08,2022.0,1.0,24.0,1643018500.0,-18.774523,27.905964
False,MIGRATING,WINTER_HOME,B89A08,2022.0,1.0,25.0,1643104900.0,-18.826494,27.988747
False,MIGRATING,WINTER_HOME,B89A08,2022.0,1.0,26.0,1643191300.0,-18.818726,27.984283
False,MIGRATING,WINTER_HOME,B89A08,2022.0,1.0,27.0,1643241700.0,-18.818745,27.984314
False,MIGRATING,WINTER_HOME,B89A08,2022.0,1.0,27.0,1643277700.0,-18.817396,27.987675
False,MIGRATING,WINTER_HOME,B89A08,2022.0,1.0,28.0,1643360800.0,-18.817425,27.987694
False,MIGRATING,WINTER_HOME,B89A08,2022.0,1.0,28.0,1643364100.0,-18.817139,27.989048
False,MIGRATING,WINTER_HOME,B89A08,2022.0,1.0,29.0,1643450500.0,-18.813534,27.997974
False,MIGRATING,WINTER_HOME,B89A08,2022.0,1.0,30.0,1643536800.0,-18.813318,27.99793
False,MIGRATING,WINTER_HOME,B89A08,2022.0,1.0,31.0,1643623300.0,-18.814949,27.998232
False,MIGRATING,WINTER_HOME,B89A08,2022.0,2.0,1.0,1643709700.0,-18.159246,27.222322
False,MIGRATING,WINTER_HOME,B89A08,2022.0,2.0,2.0,1643796100.0,-17.867508,27.301586
False,MIGRATING,WINTER_HOME,B89A08,2022.0,2.0,3.0,1643882500.0,-17.868452,27.301458
False,MIGRATING,WINTER_HOME,B89A08,2022.0,2.0,3.0,1643921400.0,-17.86847,27.301498
False,MIGRATING,WINTER_HOME,B89A08,2022.0,2.0,4.0,1643968900.0,-17.867937,27.3015
False,MIGRATING,WINTER_HOME,B89A08,2022.0,2.0,5.0,1644055300.0,-17.867422,27.300728
False,MIGRATING,WINTER_HOME,B89A08,2022.0,2.0,6.0,1644141700.0,-17.867422,27.300814
False,MIGRATING,WINTER_HOME,B89A08,2022.0,2.0,7.0,1644228100.0,-17.868023,27.301071
False,MIGRATING,WINTER_HOME,B89A08,2022.0,2.0,7.0,1644261200.0,-17.86802,27.30108
False,MIGRATING,WINTER_HOME,B89A08,2022.0,2.0,8.0,1644314500.0,-17.867464,27.3009
False,MIGRATING,WINTER_HOME,B89A08,2022.0,2.0,9.0,1644400900.0,-17.868322,27.29987
False,MIGRATING,WINTER_HOME,B89A08,2022.0,2.0,10.0,1644487300.0,-17.723011,27.579206
False,MIGRATING,WINTER_HOME,B89A08,2022.0,2.0,11.0,1644573700.0,-17.722025,27.58088
False,MIGRATING,WINTER_HOME,B89A08,2022.0,2.0,11.0,1644601100.0,-17.722042,27.580877
False,MIGRATING,WINTER_HOME,B89A08,2022.0,2.0,12.0,1644660100.0,-17.6092,27.612337
False,MIGRATING,WINTER_HOME,B89A08,2022.0,2.0,13.0,1644746500.0,-17.609715,27.612465
False,MIGRATING,WINTER_HOME,B89A08,2022.0,2.0,14.0,1644832900.0,-17.609673,27.61255
False,MIGRATING,WINTER_HOME,B89A08,2022.0,2.0,15.0,1644919300.0,-17.609972,27.612595
False,MIGRATING,WINTER_HOME,B89A08,2022.0,2.0,16.0,1645005700.0,-17.61053,27.61208
False,MIGRATING,WINTER_HOME,B89A08,2022.0,2.0,17.0,1645092100.0,-17.610445,27.61195
False,MIGRATING,WINTER_HOME,B89A08,2022.0,2.0,18.0,1645178500.0,-17.61036,27.61208
False,MIGRATING,WINTER_HOME,B89A08,2022.0,2.0,19.0,1645264900.0,-17.610102,27.611778
False,MIGRATING,WINTER_HOME,B89A08,2022.0,2.0,19.0,1645280900.0,-17.61013,27.611788
False,MIGRATING,WINTER_HOME,B89A08,2022.0,2.0,20.0,1645351300.0,-17.610144,27.61208
False,MIGRATING,WINTER_HOME,B89A08,2022.0,2.0,21.0,1645437700.0,-17.578001,27.727865
False,MIGRATING,WINTER_HOME,B89A08,2022.0,2.0,22.0,1645524100.0,-17.577915,27.727907
False,MIGRATING,WINTER_HOME,B89A08,2022.0,2.0,23.0,1645610500.0,-17.431059,27.748894
False,MIGRATING,WINTER_HOME,B89A08,2022.0,2.0,23.0,1645620600.0,-17.431099,27.748913
False,MIGRATING,WINTER_HOME,B89A08,2022.0,2.0,24.0,1645696900.0,-17.42329,27.75254
False,MIGRATING,WINTER_HOME,B89A08,2022.0,2.0,25.0,1645783300.0,-17.42282,27.752283
False,MIGRATING,WINTER_HOME,B89A08,2022.0,2.0,26.0,1645869700.0,-17.422733,27.752584
False,MIGRATING,WINTER_HOME,B89A08,2022.0,2.0,27.0,1645956100.0,-17.424406,27.753227
False,MIGRATING,WINTER_HOME,B89A08,2022.0,2.0,28.0,1646042500.0,-17.372952,27.817343
False,MIGRATING,WINTER_HOME,B89A08,2022.0,3.0,1.0,1646128900.0,-17.422476,27.860817
False,MIGRATING,WINTER_HOME,B89A08,2022.0,3.0,2.0,1646215300.0,-17.422604,27.861246
False,MIGRATING,WINTER_HOME,B89A08,2022.0,3.0,2.0,1646252400.0,-17.422623,27.861254
False,MIGRATING,SUMMER_HOME,BED44E,2021.0,6.0,20.0,1624158800.0,48.378696,110.29971
False,MIGRATING,SUMMER_HOME,BED44E,2021.0,6.0,20.0,1624165400.0,48.436886,110.22769
False,MIGRATING,SUMMER_HOME,BED44E,2021.0,6.0,21.0,1624248200.0,48.43692,110.2277
False,MIGRATING,SUMMER_HOME,BED44E,2021.0,6.0,21.0,1624251600.0,48.416676,110.21228
False,MIGRATING,SUMMER_HOME,BED44E,2021.0,6.0,22.0,1624338000.0,48.435642,110.250435
False,MIGRATING,SUMMER_HOME,BED44E,2021.0,6.0,22.0,1624403600.0,48.435654,110.250465
False,MIGRATING,SUMMER_HOME,BED44E,2021.0,6.0,23.0,1624415400.0,48.435654,110.250465
False,MIGRATING,SUMMER_HOME,BED44E,2021.0,6.0,23.0,1624424400.0,48.474953,110.34472
False,MIGRATING,SUMMER_HOME,BED44E,2021.0,6.0,24.0,1624510800.0,48.514908,110.38497
False,MIGRATING,SUMMER_HOME,BED44E,2021.0,6.0,25.0,1624597200.0,48.453583,110.51368
False,MIGRATING,SUMMER_HOME,BED44E,2021.0,6.0,26.0,1624683600.0,48.497826,110.299355
False,MIGRATING,SUMMER_HOME,BED44E,2021.0,6.0,27.0,1624770200.0,48.594986,110.45926
False,MIGRATING,SUMMER_HOME,BED44E,2021.0,6.0,28.0,1624856400.0,48.467487,110.53016
False,MIGRATING,SUMMER_HOME,BED44E,2021.0,6.0,29.0,1624942800.0,48.589493,110.34811
False,MIGRATING,SUMMER_HOME,BED44E,2021.0,6.0,30.0,1625029200.0,48.49637,110.3354
False,MIGRATING,SUMMER_HOME,BED44E,2021.0,7.0,1.0,1625115600.0,48.592155,110.39776
False,MIGRATING,SUMMER_HOME,BED44E,2021.0,7.0,2.0,1625202000.0,48.56087,110.40969
False,MIGRATING,SUMMER_HOME,BED44E,2021.0,7.0,2.0,1625262600.0,48.560883,110.40971
False,MIGRATING,SUMMER_HOME,BED44E,2021.0,7.0,3.0,1625288400.0,48.467487,110.5302
False,MIGRATING,SUMMER_HOME,BED44E,2021.0,7.0,4.0,1625375000.0,48.4471,110.231766
False,MIGRATING,SUMMER_HOME,BED44E,2021.0,7.0,4.0,1625435500.0,48.447094,110.23179
False,MIGRATING,SUMMER_HOME,BED44E,2021.0,7.0,5.0,1625461200.0,48.4998,110.34575
False,MIGRATING,SUMMER_HOME,BED44E,2021.0,7.0,6.0,1625547800.0,48.54405,110.25266
False,MIGRATING,SUMMER_HOME,BED44E,2021.0,7.0,6.0,1625608400.0,48.544083,110.252686
False,MIGRATING,SUMMER_HOME,BED44E,2021.0,7.0,7.0,1625634000.0,48.54383,110.252625
False,MIGRATING,SUMMER_HOME,BED44E,2021.0,7.0,8.0,1625720400.0,48.480618,110.356476
False,MIGRATING,SUMMER_HOME,BED44E,2021.0,7.0,8.0,1625764000.0,48.48063,110.356476
False,MIGRATING,SUMMER_HOME,BED44E,2021.0,7.0,9.0,1625806800.0,48.479244,110.35553
False,MIGRATING,SUMMER_HOME,BED44E,2021.0,7.0,10.0,1625893200.0,48.522976,110.31957
False,MIGRATING,SUMMER_HOME,BED44E,2021.0,7.0,10.0,1625936900.0,48.523,110.31958
False,MIGRATING,SUMMER_HOME,BED44E,2021.0,7.0,28.0,1627444900.0,42.114124,116.8073
False,MIGRATING,SUMMER_HOME,BED44E,2021.0,7.0,29.0,1627531300.0,42.11996,116.814125
False,MIGRATING,SUMMER_HOME,BED44E,2021.0,7.0,30.0,1627617700.0,42.130047,116.813736
False,MIGRATING,SUMMER_HOME,BED44E,2021.0,7.0,31.0,1627704000.0,42.129917,116.81352
False,MIGRATING,SUMMER_HOME,BED44E,2021.0,8.0,1.0,1627790500.0,42.13099,116.81459
False,MIGRATING,SUMMER_HOME,BED44E,2021.0,8.0,2.0,1627876900.0,42.126656,116.809784
False,MIGRATING,SUMMER_HOME,BED44E,2021.0,8.0,3.0,1627963300.0,42.11902,116.813
False,MIGRATING,SUMMER_HOME,BED44E,2021.0,8.0,4.0,1628049700.0,42.130047,116.81403
False,MIGRATING,SUMMER_HOME,BED44E,2021.0,8.0,5.0,1628136100.0,42.125713,116.81094
True,MIGRATING,MIGRATING,BED44E,2021.0,8.0,6.0,1628222600.0,38.858696,116.87364
True,MIGRATING,MIGRATING,BED44E,2021.0,8.0,7.0,1628308900.0,38.8611,116.87369
True,MIGRATING,MIGRATING,BED44E,2021.0,8.0,8.0,1628395300.0,38.859768,116.87326
True,MIGRATING,MIGRATING,BED44E,2021.0,8.0,9.0,1628481700.0,38.86067,116.872055
True,MIGRATING,MIGRATING,BED44E,2021.0,8.0,10.0,1628568000.0,38.860626,116.87227
True,MIGRATING,MIGRATING,BED44E,2021.0,8.0,11.0,1628654500.0,38.86084,116.872314
True,MIGRATING,MIGRATING,BED44E,2021.0,8.0,12.0,1628758000.0,38.860497,116.87202
True,MIGRATING,MIGRATING,BED44E,2021.0,8.0,13.0,1628827300.0,37.295803,114.88984
True,MIGRATING,MIGRATING,BED44E,2021.0,8.0,14.0,1628913700.0,37.29679,114.889496
True,MIGRATING,MIGRATING,BED44E,2021.0,8.0,15.0,1629000100.0,35.495934,114.918594
True,MIGRATING,MIGRATING,BED44E,2021.0,8.0,15.0,1629015000.0,35.495937,114.9186
True,MIGRATING,MIGRATING,BED44E,2021.0,8.0,16.0,1629086500.0,34.38786,111.886536
True,MIGRATING,MIGRATING,BED44E,2021.0,8.0,16.0,1629090000.0,34.387817,111.886536
True,MIGRATING,MIGRATING,BED44E,2021.0,8.0,17.0,1629176600.0,34.386314,111.88624
True,MIGRATING,MIGRATING,BED44E,2021.0,8.0,18.0,1629262800.0,34.386528,111.891174
True,MIGRATING,MIGRATING,BED44E,2021.0,8.0,19.0,1629349400.0,34.38743,111.8934
True,MIGRATING,MIGRATING,BED44E,2021.0,8.0,20.0,1629435800.0,34.387386,111.89358
True,MIGRATING,MIGRATING,BED44E,2021.0,8.0,21.0,1629522200.0,34.387344,111.89349
True,MIGRATING,MIGRATING,BED44E,2021.0,8.0,21.0,1629582200.0,34.387383,111.8935
True,MIGRATING,MIGRATING,BED44E,2021.0,8.0,22.0,1629608400.0,34.387344,111.893616
True,MIGRATING,MIGRATING,BED44E,2021.0,8.0,23.0,1629694800.0,34.387516,111.89315
True,MIGRATING,MIGRATING,BED44E,2021.0,8.0,25.0,1629867800.0,34.38743,111.89349
True,MIGRATING,MIGRATING,BED44E,2021.0,8.0,25.0,1629922400.0,34.387436,111.8935
True,MIGRATING,MIGRATING,BED44E,2021.0,8.0,26.0,1629954000.0,34.387344,111.89384
True,MIGRATING,MIGRATING,BED44E,2021.0,8.0,27.0,1630040600.0,34.38683,111.89306
True,MIGRATING,MIGRATING,BED44E,2021.0,8.0,28.0,1630126800.0,34.386913,111.892845
True,MIGRATING,MIGRATING,BED44E,2021.0,8.0,29.0,1630213200.0,34.38687,111.89319
True,MIGRATING,MIGRATING,BED44E,2021.0,8.0,30.0,1630299600.0,34.387257,111.89319
True,MIGRATING,MIGRATING,BED44E,2021.0,8.0,31.0,1630386000.0,34.387173,111.893234
True,MIGRATING,MIGRATING,BED44E,2021.0,9.0,1.0,1630472400.0,34.378803,111.8907
True,MIGRATING,MIGRATING,BED44E,2021.0,9.0,1.0,1630519000.0,34.378807,111.890724
True,MIGRATING,MIGRATING,BED44E,2021.0,9.0,2.0,1630559000.0,34.379406,111.88869
True,MIGRATING,MIGRATING,BED44E,2021.0,9.0,3.0,1630645400.0,34.378674,111.888985
True,MIGRATING,MIGRATING,BED44E,2021.0,9.0,5.0,1630858800.0,34.37846,111.89057
True,MIGRATING,MIGRATING,BED44E,2021.0,9.0,5.0,1630859100.0,34.378487,111.890594
True,MIGRATING,MIGRATING,BED44E,2021.0,9.0,6.0,1630904400.0,34.378674,111.88881
True,MIGRATING,MIGRATING,BED44E,2021.0,9.0,7.0,1630990800.0,34.37919,111.88877
True,MIGRATING,MIGRATING,BED44E,2021.0,9.0,8.0,1631077200.0,34.379063,111.888725
True,MIGRATING,MIGRATING,BED44E,2021.0,9.0,9.0,1631163800.0,34.378246,111.889885
True,MIGRATING,MIGRATING,BED44E,2021.0,9.0,10.0,1631282400.0,34.15238,111.306366
True,MIGRATING,MIGRATING,BED44E,2021.0,9.0,10.0,1631282800.0,34.15241,111.3064
True,MIGRATING,MIGRATING,BED44E,2021.0,9.0,11.0,1631336400.0,32.098583,109.37466
True,MIGRATING,MIGRATING,BED44E,2021.0,9.0,11.0,1631395700.0,32.098587,109.37468
True,MIGRATING,MIGRATING,BED44E,2021.0,9.0,12.0,1631422800.0,28.57094,107.94811
True,MIGRATING,MIGRATING,BED44E,2021.0,9.0,13.0,1631509200.0,29.43959,106.24149
True,MIGRATING,MIGRATING,BED44E,2021.0,9.0,13.0,1631568800.0,29.439596,106.24151
True,MIGRATING,MIGRATING,BED44E,2021.0,9.0,14.0,1631595600.0,27.298586,102.53185
True,MIGRATING,MIGRATING,BED44E,2021.0,9.0,15.0,1631682000.0,25.832941,99.14167
True,MIGRATING,MIGRATING,BED44E,2021.0,9.0,16.0,1631768400.0,25.557638,94.60406
True,MIGRATING,MIGRATING,BED44E,2021.0,9.0,16.0,1631772000.0,25.557552,94.60406
True,MIGRATING,MIGRATING,BED44E,2021.0,9.0,17.0,1631858400.0,26.291748,89.87324
True,MIGRATING,MIGRATING,BED44E,2021.0,9.0,18.0,1631944800.0,27.31146,83.75166
True,MIGRATING,MIGRATING,BED44E,2021.0,9.0,20.0,1632117800.0,27.310558,83.752525
True,MIGRATING,MIGRATING,BED44E,2021.0,9.0,21.0,1632204000.0,27.311117,83.75175
True,MIGRATING,MIGRATING,BED44E,2021.0,9.0,21.0,1632254600.0,27.311111,83.75176
True,MIGRATING,MIGRATING,BED44E,2021.0,10.0,4.0,1633358200.0,27.308155,83.757805
True,MIGRATING,MIGRATING,BED44E,2021.0,10.0,5.0,1633413800.0,27.310902,83.75282
True,MIGRATING,MIGRATING,BED44E,2021.0,10.0,6.0,1633500000.0,27.310602,83.75274
True,MIGRATING,MIGRATING,BED44E,2021.0,10.0,8.0,1633672800.0,27.310816,83.75304
True,MIGRATING,MIGRATING,BED44E,2021.0,10.0,9.0,1633759200.0,27.310644,83.75304
True,MIGRATING,MIGRATING,BED44E,2021.0,10.0,11.0,1633932200.0,27.31086,83.75321
True,MIGRATING,MIGRATING,BED44E,2021.0,10.0,12.0,1634037900.0,27.31043,83.751366
True,MIGRATING,MIGRATING,BED44E,2021.0,10.0,13.0,1634104800.0,27.31086,83.75304
True,MIGRATING,MIGRATING,BED44E,2021.0,10.0,14.0,1634191200.0,22.641754,78.94866
True,MIGRATING,MIGRATING,BED44E,2021.0,10.0,14.0,1634194800.0,22.641798,78.94866
True,MIGRATING,MIGRATING,BED44E,2021.0,10.0,16.0,1634367600.0,18.43532,66.273056
True,MIGRATING,MIGRATING,BED44E,2021.0,10.0,16.0,1634371200.0,18.34816,66.03003
True,MIGRATING,MIGRATING,BED44E,2021.0,10.0,17.0,1634457600.0,11.626113,54.98778
True,MIGRATING,MIGRATING,BED44E,2021.0,10.0,17.0,1634473700.0,11.6261215,54.987774
True,MIGRATING,MIGRATING,BED44E,2021.0,10.0,18.0,1634544000.0,6.811396,46.866093
True,MIGRATING,MIGRATING,BED44E,2021.0,10.0,18.0,1634547700.0,6.811482,46.866135
True,MIGRATING,MIGRATING,BED44E,2021.0,10.0,19.0,1634634100.0,4.0375195,43.373684
True,MIGRATING,MIGRATING,BED44E,2021.0,10.0,20.0,1634720500.0,6.757323,41.54751
True,MIGRATING,MIGRATING,BED44E,2021.0,10.0,21.0,1634806900.0,6.7651763,41.516182
True,MIGRATING,MIGRATING,BED44E,2021.0,10.0,22.0,1634893300.0,6.7604556,41.51146
True,MIGRATING,MIGRATING,BED44E,2021.0,10.0,23.0,1634979700.0,6.7604127,41.512318
True,MIGRATING,MIGRATING,BED44E,2021.0,10.0,24.0,1635066100.0,6.7600265,41.51356
True,MIGRATING,MIGRATING,BED44E,2021.0,10.0,25.0,1635152400.0,6.760842,41.512276
True,MIGRATING,MIGRATING,BED44E,2021.0,10.0,26.0,1635238900.0,6.7614856,41.509914
True,MIGRATING,MIGRATING,BED44E,2021.0,10.0,27.0,1635325300.0,6.761657,41.511803
True,MIGRATING,MIGRATING,BED44E,2021.0,10.0,28.0,1635411700.0,6.7614427,41.51043
True,MIGRATING,MIGRATING,BED44E,2021.0,10.0,28.0,1635458000.0,6.761463,41.510437
True,MIGRATING,MIGRATING,BED44E,2021.0,10.0,30.0,1635582800.0,6.7574515,41.509357
True,MIGRATING,MIGRATING,BED44E,2021.0,10.0,30.0,1635583200.0,6.757461,41.509354
True,MIGRATING,MIGRATING,BED44E,2021.0,11.0,1.0,1635757400.0,6.7578807,41.508884
True,MIGRATING,MIGRATING,BED44E,2021.0,11.0,2.0,1635843700.0,6.8318667,40.56642
True,MIGRATING,MIGRATING,BED44E,2021.0,11.0,3.0,1635930100.0,6.8263736,40.56861
True,MIGRATING,MIGRATING,BED44E,2021.0,11.0,4.0,1636016400.0,6.827447,40.567837
True,MIGRATING,MIGRATING,BED44E,2021.0,11.0,5.0,1636103000.0,6.8218246,40.56552
True,MIGRATING,MIGRATING,BED44E,2021.0,11.0,5.0,1636137600.0,6.821181,40.56625
True,MIGRATING,MIGRATING,BED44E,2021.0,11.0,5.0,1636138100.0,6.8212013,40.566288
True,MIGRATING,MIGRATING,BED44E,2021.0,11.0,6.0,1636189300.0,6.821524,40.567535
True,MIGRATING,MIGRATING,BED44E,2021.0,11.0,7.0,1636263300.0,6.821523,40.567543
True,MIGRATING,MIGRATING,BED44E,2021.0,11.0,7.0,1636275700.0,6.8223825,40.57037
True,MIGRATING,MIGRATING,BED44E,2021.0,11.0,8.0,1636362100.0,6.816589,40.559383
True,MIGRATING,MIGRATING,BED44E,2021.0,11.0,9.0,1636448500.0,6.8147864,40.556377
True,MIGRATING,MIGRATING,BED44E,2021.0,11.0,10.0,1636534900.0,6.815001,40.55814
True,MIGRATING,MIGRATING,BED44E,2021.0,11.0,11.0,1636621300.0,6.814057,40.558094
True,MIGRATING,MIGRATING,BED44E,2021.0,11.0,12.0,1636707700.0,6.8110957,40.556377
True,MIGRATING,MIGRATING,BED44E,2021.0,11.0,13.0,1636794200.0,6.8141856,40.55801
True,MIGRATING,MIGRATING,BED44E,2021.0,11.0,13.0,1636818300.0,6.814206,40.558025
True,MIGRATING,MIGRATING,BED44E,2021.0,11.0,14.0,1636880500.0,6.815688,40.55784
True,MIGRATING,MIGRATING,BED44E,2021.0,11.0,15.0,1636966900.0,6.8141856,40.55797
True,MIGRATING,MIGRATING,BED44E,2021.0,11.0,16.0,1637053300.0,6.81513,40.55814
True,MIGRATING,MIGRATING,BED44E,2021.0,11.0,17.0,1637139700.0,0.5430509,38.273582
True,MIGRATING,MIGRATING,BED44E,2021.0,11.0,17.0,1637158300.0,0.5430508,38.27358
False,MIGRATING,WINTER_HOME,BED44E,2021.0,11.0,18.0,1637226100.0,-4.183689,37.539944
False,MIGRATING,WINTER_HOME,BED44E,2021.0,11.0,19.0,1637312500.0,-8.316395,36.937584
False,MIGRATING,WINTER_HOME,BED44E,2021.0,11.0,19.0,1637316100.0,-8.316438,36.937756
False,MIGRATING,WINTER_HOME,BED44E,2021.0,11.0,20.0,1637402500.0,-8.318541,36.94166
False,MIGRATING,WINTER_HOME,BED44E,2021.0,11.0,21.0,1637488900.0,-8.31824,36.94222
False,MIGRATING,WINTER_HOME,BED44E,2021.0,11.0,22.0,1637575300.0,-8.317725,36.94252
False,MIGRATING,WINTER_HOME,BED44E,2021.0,11.0,23.0,1637661700.0,-8.317725,36.94252
False,MIGRATING,WINTER_HOME,BED44E,2021.0,11.0,23.0,1637665400.0,-8.317745,36.94254
False,MIGRATING,WINTER_HOME,BED44E,2021.0,11.0,24.0,1637748000.0,-8.317725,36.94252
False,MIGRATING,WINTER_HOME,BED44E,2021.0,11.0,25.0,1637834400.0,-8.317682,36.94252
False,MIGRATING,WINTER_HOME,BED44E,2021.0,11.0,26.0,1637920800.0,-8.317768,36.942432
False,MIGRATING,WINTER_HOME,BED44E,2021.0,11.0,27.0,1638007300.0,-8.317682,36.94252
False,MIGRATING,WINTER_HOME,BED44E,2021.0,11.0,28.0,1638093600.0,-8.317725,36.94252
False,MIGRATING,WINTER_HOME,BED44E,2021.0,11.0,29.0,1638180000.0,-8.317725,36.94248
False,MIGRATING,WINTER_HOME,BED44E,2021.0,11.0,30.0,1638266400.0,-8.317768,36.94248
False,MIGRATING,WINTER_HOME,BED44E,2021.0,12.0,1.0,1638352800.0,-8.317768,36.94248
False,MIGRATING,WINTER_HOME,BED44E,2021.0,12.0,2.0,1638439200.0,-8.317725,36.94252
False,MIGRATING,WINTER_HOME,BED44E,2021.0,12.0,3.0,1638525600.0,-8.317725,36.94252
False,MIGRATING,WINTER_HOME,BED44E,2021.0,12.0,4.0,1638612000.0,-8.317768,36.94248
False,MIGRATING,WINTER_HOME,BED44E,2021.0,12.0,5.0,1638698400.0,-8.317725,36.94252
False,MIGRATING,WINTER_HOME,BED44E,2021.0,12.0,6.0,1638784800.0,-8.317768,36.94252
False,MIGRATING,WINTER_HOME,BED44E,2021.0,12.0,6.0,1638817000.0,-8.317767,36.942528
False,MIGRATING,WINTER_HOME,BED44E,2021.0,12.0,7.0,1638871300.0,-8.317725,36.94252
False,MIGRATING,WINTER_HOME,BED44E,2021.0,12.0,8.0,1638957700.0,-8.317425,36.942604
False,MIGRATING,WINTER_HOME,BED44E,2021.0,12.0,9.0,1639025700.0,-8.317445,36.942604
False,MIGRATING,WINTER_HOME,BED44E,2021.0,12.0,9.0,1639044100.0,-8.317768,36.94252
False,MIGRATING,WINTER_HOME,BED44E,2021.0,12.0,10.0,1639130500.0,-8.317768,36.942432
False,MIGRATING,WINTER_HOME,BED44E,2021.0,12.0,11.0,1639216900.0,-8.317725,36.94252
False,MIGRATING,WINTER_HOME,BED44E,2021.0,12.0,12.0,1639282200.0,-8.317724,36.942516
False,MIGRATING,WINTER_HOME,BED44E,2021.0,12.0,12.0,1639303300.0,-8.317725,36.94248
False,MIGRATING,WINTER_HOME,BED44E,2021.0,12.0,13.0,1639389700.0,-8.317682,36.94248
False,MIGRATING,WINTER_HOME,BED44E,2021.0,12.0,14.0,1639476100.0,-8.317682,36.942562
False,MIGRATING,WINTER_HOME,BED44E,2021.0,12.0,14.0,1639497100.0,-8.317724,36.94258
False,MIGRATING,WINTER_HOME,BED44E,2021.0,12.0,15.0,1639562500.0,-8.317725,36.94248
False,MIGRATING,WINTER_HOME,BED44E,2021.0,12.0,16.0,1639648900.0,-8.317596,36.94265
False,MIGRATING,WINTER_HOME,BED44E,2021.0,12.0,17.0,1639705700.0,-8.317616,36.942665
False,MIGRATING,SUMMER_HOME,B89E5F,2021.0,6.0,16.0,1623819600.0,48.61035,110.65345
False,MIGRATING,SUMMER_HOME,B89E5F,2021.0,6.0,16.0,1623824600.0,48.610386,110.65349
False,MIGRATING,SUMMER_HOME,B89E5F,2021.0,6.0,17.0,1623906000.0,48.609577,110.65315
False,MIGRATING,SUMMER_HOME,B89E5F,2021.0,6.0,18.0,1623992400.0,48.611725,110.65448
False,MIGRATING,SUMMER_HOME,B89E5F,2021.0,6.0,19.0,1624063700.0,48.611736,110.65452
False,MIGRATING,SUMMER_HOME,B89E5F,2021.0,6.0,19.0,1624069500.0,48.611736,110.65452
False,MIGRATING,SUMMER_HOME,B89E5F,2021.0,6.0,19.0,1624078800.0,48.609837,110.65324
False,MIGRATING,SUMMER_HOME,B89E5F,2021.0,6.0,20.0,1624165200.0,48.593357,110.68281
False,MIGRATING,SUMMER_HOME,B89E5F,2021.0,6.0,21.0,1624242400.0,48.59338,110.68281
False,MIGRATING,SUMMER_HOME,B89E5F,2021.0,6.0,21.0,1624251600.0,48.593914,110.68997
False,MIGRATING,SUMMER_HOME,B89E5F,2021.0,6.0,22.0,1624331800.0,48.593925,110.68997
False,MIGRATING,SUMMER_HOME,B89E5F,2021.0,6.0,22.0,1624338200.0,48.593784,110.69074
False,MIGRATING,SUMMER_HOME,B89E5F,2021.0,6.0,23.0,1624424400.0,48.591553,110.68796
False,MIGRATING,SUMMER_HOME,B89E5F,2021.0,6.0,24.0,1624510800.0,48.605503,110.6441
False,MIGRATING,SUMMER_HOME,B89E5F,2021.0,6.0,25.0,1624597200.0,48.592457,110.688126
False,MIGRATING,SUMMER_HOME,B89E5F,2021.0,6.0,26.0,1624683600.0,48.593143,110.68937
False,MIGRATING,SUMMER_HOME,B89E5F,2021.0,6.0,27.0,1624770000.0,48.599964,110.644394
False,MIGRATING,SUMMER_HOME,B89E5F,2021.0,6.0,28.0,1624856400.0,48.593956,110.6883
False,MIGRATING,SUMMER_HOME,B89E5F,2021.0,6.0,29.0,1624942800.0,48.611767,110.65444
False,MIGRATING,SUMMER_HOME,B89E5F,2021.0,6.0,30.0,1625029200.0,48.593742,110.67735
False,MIGRATING,SUMMER_HOME,B89E5F,2021.0,7.0,1.0,1625115600.0,48.604,110.66135
False,MIGRATING,SUMMER_HOME,B89E5F,2021.0,7.0,2.0,1625202200.0,48.609535,110.65319
False,MIGRATING,SUMMER_HOME,B89E5F,2021.0,7.0,2.0,1625256800.0,48.609547,110.65323
False,MIGRATING,SUMMER_HOME,B89E5F,2021.0,7.0,3.0,1625288400.0,48.605503,110.65216
False,MIGRATING,SUMMER_HOME,B89E5F,2021.0,7.0,4.0,1625375000.0,48.577778,110.71327
False,MIGRATING,SUMMER_HOME,B89E5F,2021.0,7.0,4.0,1625429800.0,48.577812,110.71331
False,MIGRATING,SUMMER_HOME,B89E5F,2021.0,7.0,5.0,1625461200.0,48.60919,110.65285
False,MIGRATING,SUMMER_HOME,B89E5F,2021.0,7.0,6.0,1625547600.0,48.574947,110.7192
False,MIGRATING,SUMMER_HOME,B89E5F,2021.0,7.0,6.0,1625602700.0,48.57496,110.7192
False,MIGRATING,SUMMER_HOME,B89E5F,2021.0,7.0,7.0,1625634000.0,48.609795,110.648
False,MIGRATING,SUMMER_HOME,B89E5F,2021.0,7.0,7.0,1625692000.0,48.609806,110.648026
False,MIGRATING,SUMMER_HOME,B89E5F,2021.0,7.0,8.0,1625720400.0,48.60915,110.65315
False,MIGRATING,SUMMER_HOME,B89E5F,2021.0,7.0,9.0,1625807000.0,48.60709,110.64882
False,MIGRATING,SUMMER_HOME,B89E5F,2021.0,7.0,9.0,1625865000.0,48.60709,110.64882
True,MIGRATING,MIGRATING,B89E5F,2021.0,7.0,30.0,1627621200.0,33.142197,111.610466
True,MIGRATING,MIGRATING,B89E5F,2021.0,7.0,31.0,1627707600.0,33.142498,111.60986
True,MIGRATING,MIGRATING,B89E5F,2021.0,8.0,1.0,1627794200.0,33.142242,111.61008
True,MIGRATING,MIGRATING,B89E5F,2021.0,8.0,2.0,1627880400.0,33.142586,111.61012
True,MIGRATING,MIGRATING,B89E5F,2021.0,8.0,3.0,1627967000.0,33.14237,111.61021
True,MIGRATING,MIGRATING,B89E5F,2021.0,8.0,4.0,1628053400.0,33.142586,111.60978
True,MIGRATING,MIGRATING,B89E5F,2021.0,8.0,5.0,1628139600.0,33.142628,111.61008
True,MIGRATING,MIGRATING,B89E5F,2021.0,8.0,6.0,1628226000.0,33.142586,111.61016
True,MIGRATING,MIGRATING,B89E5F,2021.0,8.0,7.0,1628312600.0,33.142498,111.61042
True,MIGRATING,MIGRATING,B89E5F,2021.0,8.0,8.0,1628399000.0,33.142628,111.61016
True,MIGRATING,MIGRATING,B89E5F,2021.0,8.0,9.0,1628478500.0,33.142643,111.610176
True,MIGRATING,MIGRATING,B89E5F,2021.0,8.0,9.0,1628485200.0,33.144215,111.61021
True,MIGRATING,MIGRATING,B89E5F,2021.0,8.0,10.0,1628571600.0,33.142628,111.61128
True,MIGRATING,MIGRATING,B89E5F,2021.0,8.0,11.0,1628658000.0,33.144516,111.61008
True,MIGRATING,MIGRATING,B89E5F,2021.0,8.0,12.0,1628744400.0,33.14413,111.61016
True,MIGRATING,MIGRATING,B89E5F,2021.0,8.0,13.0,1628830800.0,33.14284,111.610634
True,MIGRATING,MIGRATING,B89E5F,2021.0,8.0,14.0,1628917200.0,33.14194,111.609604
True,MIGRATING,MIGRATING,B89E5F,2021.0,8.0,15.0,1629003800.0,33.146362,111.60922
True,MIGRATING,MIGRATING,B89E5F,2021.0,8.0,16.0,1629090200.0,33.145287,111.609604
True,MIGRATING,MIGRATING,B89E5F,2021.0,8.0,17.0,1629176600.0,33.145332,111.60952
True,MIGRATING,MIGRATING,B89E5F,2021.0,8.0,18.0,1629263000.0,33.145374,111.60935
True,MIGRATING,MIGRATING,B89E5F,2021.0,8.0,19.0,1629349200.0,33.14563,111.60922
True,MIGRATING,MIGRATING,B89E5F,2021.0,8.0,20.0,1629435800.0,33.14619,111.60875
True,MIGRATING,MIGRATING,B89E5F,2021.0,8.0,20.0,1629498600.0,33.146225,111.60877
True,MIGRATING,MIGRATING,B89E5F,2021.0,8.0,21.0,1629522200.0,33.14619,111.609
True,MIGRATING,MIGRATING,B89E5F,2021.0,8.0,22.0,1629608600.0,31.200964,110.74645
True,MIGRATING,MIGRATING,B89E5F,2021.0,8.0,23.0,1629694700.0,31.220663,110.731255
True,MIGRATING,MIGRATING,B89E5F,2021.0,8.0,23.0,1629695100.0,31.22069,110.73127
True,MIGRATING,MIGRATING,B89E5F,2021.0,8.0,24.0,1629781400.0,29.393929,109.91887
True,MIGRATING,MIGRATING,B89E5F,2021.0,8.0,25.0,1629867600.0,29.394014,109.919
True,MIGRATING,MIGRATING,B89E5F,2021.0,8.0,26.0,1629954000.0,29.393799,109.919044
True,MIGRATING,MIGRATING,B89E5F,2021.0,8.0,27.0,1630040600.0,29.390753,109.91779
True,MIGRATING,MIGRATING,B89E5F,2021.0,8.0,28.0,1630126800.0,27.966434,108.52146
True,MIGRATING,MIGRATING,B89E5F,2021.0,8.0,29.0,1630213200.0,26.698156,105.863625
True,MIGRATING,MIGRATING,B89E5F,2021.0,8.0,30.0,1630299600.0,26.700045,105.86028
True,MIGRATING,MIGRATING,B89E5F,2021.0,8.0,30.0,1630346000.0,26.700083,105.86029
True,MIGRATING,MIGRATING,B89E5F,2021.0,8.0,31.0,1630386000.0,26.69966,105.865555
True,MIGRATING,MIGRATING,B89E5F,2021.0,9.0,1.0,1630472400.0,26.695711,105.86191
True,MIGRATING,MIGRATING,B89E5F,2021.0,9.0,2.0,1630559000.0,26.695625,105.862
True,MIGRATING,MIGRATING,B89E5F,2021.0,9.0,3.0,1630645400.0,26.694338,105.86075
True,MIGRATING,MIGRATING,B89E5F,2021.0,9.0,4.0,1630731600.0,26.694767,105.85989
True,MIGRATING,MIGRATING,B89E5F,2021.0,9.0,5.0,1630818200.0,26.694853,105.86109
True,MIGRATING,MIGRATING,B89E5F,2021.0,9.0,6.0,1630888400.0,26.69487,105.86113
True,MIGRATING,MIGRATING,B89E5F,2021.0,9.0,6.0,1630904400.0,26.69601,105.862595
True,MIGRATING,MIGRATING,B89E5F,2021.0,9.0,7.0,1630990800.0,24.717957,101.293785
True,MIGRATING,MIGRATING,B89E5F,2021.0,9.0,8.0,1631077200.0,23.122793,96.63867
True,MIGRATING,MIGRATING,B89E5F,2021.0,9.0,9.0,1631198500.0,23.084555,90.91887
True,MIGRATING,MIGRATING,B89E5F,2021.0,9.0,10.0,1631253600.0,23.321962,86.345894
True,MIGRATING,MIGRATING,B89E5F,2021.0,9.0,11.0,1631340000.0,24.534536,79.95271
True,MIGRATING,MIGRATING,B89E5F,2021.0,9.0,11.0,1631343600.0,24.53458,79.955284
True,MIGRATING,MIGRATING,B89E5F,2021.0,9.0,12.0,1631430000.0,24.502823,79.44592
True,MIGRATING,MIGRATING,B89E5F,2021.0,9.0,13.0,1631516400.0,24.502865,79.43665
True,MIGRATING,MIGRATING,B89E5F,2021.0,9.0,14.0,1631602800.0,23.537956,76.480774
True,MIGRATING,MIGRATING,B89E5F,2021.0,9.0,15.0,1631689200.0,24.065815,74.564
True,MIGRATING,MIGRATING,B89E5F,2021.0,9.0,16.0,1631775600.0,24.10358,74.58718
True,MIGRATING,MIGRATING,B89E5F,2021.0,9.0,17.0,1631862100.0,24.10298,74.587906
True,MIGRATING,MIGRATING,B89E5F,2021.0,9.0,17.0,1631884800.0,24.102997,74.58791
True,MIGRATING,MIGRATING,B89E5F,2021.0,9.0,18.0,1631948500.0,24.103107,74.58735
True,MIGRATING,MIGRATING,B89E5F,2021.0,9.0,19.0,1632034800.0,24.323221,73.39031
True,MIGRATING,MIGRATING,B89E5F,2021.0,9.0,19.0,1632087400.0,24.323227,73.39031
True,MIGRATING,MIGRATING,B89E5F,2021.0,9.0,20.0,1632121200.0,24.32365,73.39023
True,MIGRATING,MIGRATING,B89E5F,2021.0,9.0,21.0,1632207600.0,24.09122,72.12581
True,MIGRATING,MIGRATING,B89E5F,2021.0,9.0,21.0,1632225000.0,24.09125,72.12584
True,MIGRATING,MIGRATING,B89E5F,2021.0,9.0,23.0,1632380400.0,24.183018,72.69345
True,MIGRATING,MIGRATING,B89E5F,2021.0,9.0,23.0,1632427500.0,24.183012,72.69349
False,MIGRATING,WINTER_HOME,B89E5F,2021.0,11.0,27.0,1638007300.0,-3.4427986,34.69058
False,MIGRATING,WINTER_HOME,B89E5F,2021.0,11.0,28.0,1638093700.0,-4.1439495,33.329178
False,MIGRATING,WINTER_HOME,B89E5F,2021.0,11.0,29.0,1638180100.0,-4.1480694,33.353897
False,MIGRATING,WINTER_HOME,B89E5F,2021.0,11.0,30.0,1638266500.0,-4.1495714,33.353725
False,MIGRATING,WINTER_HOME,B89E5F,2021.0,12.0,1.0,1638352900.0,-4.1505156,33.354797
False,MIGRATING,WINTER_HOME,B89E5F,2021.0,12.0,2.0,1638439200.0,-4.1499577,33.352608
False,MIGRATING,WINTER_HOME,B89E5F,2021.0,12.0,3.0,1638525700.0,-4.15073,33.35265
False,MIGRATING,WINTER_HOME,B89E5F,2021.0,12.0,4.0,1638612100.0,-4.149829,33.35265
False,MIGRATING,WINTER_HOME,B89E5F,2021.0,12.0,5.0,1638698500.0,-4.1499147,33.352524
False,MIGRATING,WINTER_HOME,B89E5F,2021.0,12.0,6.0,1638784900.0,-4.148713,33.351963
False,MIGRATING,WINTER_HOME,B89E5F,2021.0,12.0,6.0,1638817000.0,-4.148723,33.351963
False,MIGRATING,WINTER_HOME,B89E5F,2021.0,12.0,7.0,1638871300.0,-4.1489706,33.35265
False,MIGRATING,WINTER_HOME,B89E5F,2021.0,12.0,8.0,1638957700.0,-4.1489277,33.352306
False,MIGRATING,WINTER_HOME,B89E5F,2021.0,12.0,9.0,1639044100.0,-4.1489277,33.352436
False,MIGRATING,WINTER_HOME,B89E5F,2021.0,12.0,10.0,1639130500.0,-7.6125402,33.19391
False,MIGRATING,WINTER_HOME,B89E5F,2021.0,12.0,10.0,1639157000.0,-7.612571,33.193935
False,MIGRATING,WINTER_HOME,B89E5F,2021.0,12.0,11.0,1639216800.0,-11.043494,32.241272
False,MIGRATING,WINTER_HOME,B89E5F,2021.0,12.0,12.0,1639303300.0,-11.048172,32.233334
False,MIGRATING,WINTER_HOME,B89E5F,2021.0,12.0,13.0,1639389700.0,-11.0423355,32.23299
False,MIGRATING,WINTER_HOME,B89E5F,2021.0,12.0,14.0,1639476100.0,-11.04225,32.23299
False,MIGRATING,WINTER_HOME,B89E5F,2021.0,12.0,15.0,1639562500.0,-14.540152,31.5142
False,MIGRATING,WINTER_HOME,B89E5F,2021.0,12.0,16.0,1639622100.0,-14.540181,31.514229
False,MIGRATING,WINTER_HOME,B89E5F,2021.0,12.0,16.0,1639649000.0,-16.212435,31.439741
False,MIGRATING,WINTER_HOME,B89E5F,2021.0,12.0,17.0,1639735300.0,-15.456137,31.38966
False,MIGRATING,WINTER_HOME,B89E5F,2021.0,12.0,17.0,1639753600.0,-15.456144,31.389668
False,MIGRATING,WINTER_HOME,B89E5F,2021.0,12.0,18.0,1639821800.0,-15.190062,30.864033
False,MIGRATING,WINTER_HOME,B89E5F,2021.0,12.0,19.0,1639908100.0,-14.9654,30.412863
False,MIGRATING,WINTER_HOME,B89E5F,2021.0,12.0,20.0,1639994500.0,-14.964885,30.412134
False,MIGRATING,WINTER_HOME,B89E5F,2021.0,12.0,21.0,1640080800.0,-14.964928,30.41312
False,MIGRATING,WINTER_HOME,B89E5F,2021.0,12.0,21.0,1640093600.0,-14.964968,30.41315
False,MIGRATING,WINTER_HOME,B89E5F,2021.0,12.0,22.0,1640167400.0,-14.555773,30.360807
False,MIGRATING,WINTER_HOME,B89E5F,2021.0,12.0,23.0,1640253700.0,-14.554099,30.359777
False,MIGRATING,WINTER_HOME,B89E5F,2021.0,12.0,24.0,1640340100.0,-14.555601,30.360077
False,MIGRATING,WINTER_HOME,B89E5F,2021.0,12.0,25.0,1640426500.0,-14.555773,30.360292
False,MIGRATING,WINTER_HOME,B89E5F,2021.0,12.0,27.0,1640599300.0,-14.555644,30.360292
False,MIGRATING,WINTER_HOME,B89E5F,2021.0,12.0,28.0,1640685700.0,-14.446253,30.471443
False,MIGRATING,WINTER_HOME,B89E5F,2021.0,12.0,29.0,1640772100.0,-14.446682,30.472
False,MIGRATING,WINTER_HOME,B89E5F,2021.0,12.0,30.0,1640858500.0,-14.446897,30.473545
False,MIGRATING,WINTER_HOME,B89E5F,2021.0,12.0,31.0,1640944900.0,-14.446725,30.47376
False,MIGRATING,WINTER_HOME,B89E5F,2022.0,1.0,1.0,1641031300.0,-14.446339,30.473545
False,MIGRATING,WINTER_HOME,B89E5F,2022.0,1.0,3.0,1641204100.0,-14.446038,30.474705
False,MIGRATING,WINTER_HOME,B89E5F,2022.0,1.0,4.0,1641290600.0,-14.44621,30.473846
False,MIGRATING,WINTER_HOME,B89E5F,2022.0,1.0,4.0,1641321600.0,-14.446239,30.473875
False,MIGRATING,WINTER_HOME,B89E5F,2022.0,1.0,5.0,1641376900.0,-14.446124,30.474146
False,MIGRATING,WINTER_HOME,B89E5F,2022.0,1.0,6.0,1641463300.0,-14.446124,30.47419
False,MIGRATING,WINTER_HOME,B89E5F,2022.0,1.0,7.0,1641549800.0,-14.446253,30.474146
False,MIGRATING,WINTER_HOME,B89E5F,2022.0,1.0,8.0,1641636100.0,-14.408745,30.428957
False,MIGRATING,WINTER_HOME,B89E5F,2022.0,1.0,8.0,1641661400.0,-14.408763,30.428986
False,MIGRATING,WINTER_HOME,B89E5F,2022.0,1.0,9.0,1641722500.0,-14.408573,30.429472
False,MIGRATING,WINTER_HOME,B89E5F,2022.0,1.0,10.0,1641809000.0,-14.443678,30.475649
False,MIGRATING,WINTER_HOME,B89E5F,2022.0,1.0,11.0,1641895300.0,-14.443764,30.475477
False,MIGRATING,WINTER_HOME,B89E5F,2022.0,1.0,12.0,1641981800.0,-14.444536,30.476679
False,MIGRATING,WINTER_HOME,B89E5F,2022.0,1.0,12.0,1642001300.0,-14.444554,30.476719
False,MIGRATING,WINTER_HOME,B89E5F,2022.0,1.0,13.0,1642068200.0,-14.444665,30.476807
False,MIGRATING,WINTER_HOME,B89E5F,2022.0,1.0,14.0,1642154500.0,-14.444407,30.476807
False,MIGRATING,WINTER_HOME,B89E5F,2022.0,1.0,16.0,1642305200.0,-14.555816,30.362352
False,MIGRATING,WINTER_HOME,B89E5F,2022.0,1.0,16.0,1642327400.0,-14.555859,30.360334
False,MIGRATING,WINTER_HOME,B89E5F,2022.0,1.0,17.0,1642413700.0,-14.555601,30.360077
False,MIGRATING,WINTER_HOME,B89E5F,2022.0,1.0,18.0,1642500100.0,-14.555687,30.359692
False,MIGRATING,WINTER_HOME,B89E5F,2022.0,1.0,19.0,1642586500.0,-14.556073,30.361279
False,MIGRATING,WINTER_HOME,B89E5F,2022.0,1.0,20.0,1642645500.0,-14.55607,30.36131
False,MIGRATING,WINTER_HOME,B89E5F,2022.0,1.0,20.0,1642673000.0,-14.555816,30.360249
False,MIGRATING,WINTER_HOME,B89E5F,2022.0,1.0,21.0,1642759300.0,-14.555902,30.360077
False,MIGRATING,WINTER_HOME,B89E5F,2022.0,1.0,22.0,1642845700.0,-14.55603,30.360163
False,MIGRATING,WINTER_HOME,B89E5F,2022.0,1.0,23.0,1642932100.0,-14.555859,30.362267
False,MIGRATING,WINTER_HOME,B89E5F,2022.0,1.0,23.0,1642937500.0,-14.555888,30.362286
False,MIGRATING,WINTER_HOME,B89E5F,2022.0,1.0,24.0,1643018500.0,-14.556502,30.360807
False,MIGRATING,WINTER_HOME,B89E5F,2022.0,1.0,25.0,1643105000.0,-14.555773,30.361279
False,MIGRATING,WINTER_HOME,B89E5F,2022.0,1.0,26.0,1643191300.0,-14.5547,30.359304
False,MIGRATING,WINTER_HOME,B89E5F,2022.0,1.0,27.0,1643277300.0,-14.554718,30.359344
False,MIGRATING,WINTER_HOME,B89E5F,2022.0,1.0,27.0,1643277700.0,-14.555816,30.360506
False,MIGRATING,WINTER_HOME,B89E5F,2022.0,1.0,28.0,1643364100.0,-14.555687,30.360378
False,MIGRATING,WINTER_HOME,B89E5F,2022.0,1.0,29.0,1643450500.0,-14.555987,30.360334
False,MIGRATING,WINTER_HOME,B89E5F,2022.0,1.0,30.0,1643536900.0,-14.555601,30.361193
False,MIGRATING,WINTER_HOME,B89E5F,2022.0,1.0,31.0,1643623300.0,-14.555515,30.36055
False,MIGRATING,WINTER_HOME,B89E5F,2022.0,2.0,2.0,1643796100.0,-14.555816,30.361408
False,MIGRATING,WINTER_HOME,B89E5F,2022.0,2.0,3.0,1643882500.0,-14.555816,30.360464
False,MIGRATING,WINTER_HOME,B89E5F,2022.0,2.0,6.0,1644141700.0,-14.555215,30.35952
False,MIGRATING,WINTER_HOME,B89E5F,2022.0,2.0,7.0,1644228100.0,-14.555043,30.35939
False,MIGRATING,WINTER_HOME,B89E5F,2022.0,2.0,8.0,1644296800.0,-14.555051,30.35941
False,MIGRATING,WINTER_HOME,B89E5F,2022.0,2.0,8.0,1644314500.0,-14.555258,30.359562
False,MIGRATING,WINTER_HOME,B89E5F,2022.0,2.0,9.0,1644400900.0,-14.555172,30.359648
False,MIGRATING,WINTER_HOME,B89E5F,2022.0,2.0,10.0,1644487300.0,-14.555215,30.359648
False,MIGRATING,WINTER_HOME,B89E5F,2022.0,2.0,11.0,1644573700.0,-14.555043,30.359648
False,MIGRATING,WINTER_HOME,B89E5F,2022.0,2.0,12.0,1644636700.0,-14.555073,30.359657
False,MIGRATING,WINTER_HOME,B89E5F,2022.0,2.0,12.0,1644660200.0,-14.555344,30.36145
False,MIGRATING,WINTER_HOME,B89E5F,2022.0,2.0,13.0,1644746600.0,-14.555215,30.359692
False,MIGRATING,WINTER_HOME,B89E5F,2022.0,2.0,14.0,1644833000.0,-14.555086,30.359863
False,MIGRATING,WINTER_HOME,B89E5F,2022.0,2.0,15.0,1644919300.0,-14.555258,30.359863
False,MIGRATING,WINTER_HOME,B89E5F,2022.0,2.0,16.0,1644976600.0,-14.555265,30.35986
False,MIGRATING,WINTER_HOME,B89E5F,2022.0,2.0,16.0,1645005700.0,-14.55573,30.361021
False,MIGRATING,WINTER_HOME,B89E5F,2022.0,2.0,17.0,1645092100.0,-14.555558,30.361408
False,MIGRATING,WINTER_HOME,B89E5F,2022.0,2.0,18.0,1645178500.0,-14.555558,30.36115
False,MIGRATING,WINTER_HOME,B89E5F,2022.0,2.0,19.0,1645265000.0,-14.555773,30.360722
False,MIGRATING,WINTER_HOME,B89E5F,2022.0,2.0,20.0,1645316500.0,-14.555791,30.36074
False,MIGRATING,WINTER_HOME,B89E5F,2022.0,2.0,20.0,1645351300.0,-14.555472,30.360678
False,MIGRATING,WINTER_HOME,B89E5F,2022.0,2.0,21.0,1645437700.0,-14.555687,30.360764
False,MIGRATING,WINTER_HOME,B89E5F,2022.0,2.0,22.0,1645524100.0,-14.555472,30.35982
False,MIGRATING,WINTER_HOME,B89E5F,2022.0,2.0,23.0,1645610500.0,-14.55573,30.360935
False,MIGRATING,WINTER_HOME,B89E5F,2022.0,2.0,23.0,1645656200.0,-14.55577,30.360945
False,MIGRATING,WINTER_HOME,B89E5F,2022.0,2.0,24.0,1645696900.0,-14.55676,30.36042
False,MIGRATING,WINTER_HOME,B89E5F,2022.0,2.0,27.0,1645956100.0,-14.556245,30.35982
False,MIGRATING,WINTER_HOME,B89E5F,2022.0,2.0,27.0,1645960400.0,-14.556242,30.359829
False,MIGRATING,SUMMER_HOME,BBE6AB,2021.0,10.0,5.0,1633406500.0,45.258747,113.99192
False,MIGRATING,SUMMER_HOME,BBE6AB,2021.0,10.0,6.0,1633492900.0,45.258663,113.99197
False,MIGRATING,SUMMER_HOME,BBE6AB,2021.0,10.0,6.0,1633514100.0,45.25865,113.99197
False,MIGRATING,SUMMER_HOME,BBE6AB,2021.0,10.0,7.0,1633579300.0,45.259907,113.99501
False,MIGRATING,SUMMER_HOME,BBE6AB,2021.0,10.0,8.0,1633665700.0,45.260464,113.995186
False,MIGRATING,SUMMER_HOME,BBE6AB,2021.0,10.0,10.0,1633836200.0,45.26025,113.9954
False,MIGRATING,SUMMER_HOME,BBE6AB,2021.0,10.0,10.0,1633836500.0,45.260242,113.99543
False,MIGRATING,SUMMER_HOME,BBE6AB,2021.0,10.0,11.0,1633924900.0,45.261066,113.9963
False,MIGRATING,SUMMER_HOME,BBE6AB,2021.0,10.0,12.0,1634011300.0,45.2651,113.99579
False,MIGRATING,SUMMER_HOME,BBE6AB,2021.0,10.0,13.0,1634093000.0,45.265102,113.99582
False,MIGRATING,SUMMER_HOME,BBE6AB,2021.0,10.0,13.0,1634097700.0,45.260807,113.99604
False,MIGRATING,SUMMER_HOME,BBE6AB,2021.0,10.0,14.0,1634184100.0,45.26042,113.995224
False,MIGRATING,SUMMER_HOME,BBE6AB,2021.0,10.0,14.0,1634194200.0,45.260426,113.99527
True,MIGRATING,MIGRATING,BBE6AB,2021.0,10.0,20.0,1634702300.0,38.960403,117.09119
True,MIGRATING,MIGRATING,BBE6AB,2021.0,10.0,21.0,1634790500.0,38.558846,117.04587
True,MIGRATING,MIGRATING,BBE6AB,2021.0,10.0,22.0,1634875100.0,38.548504,117.03432
True,MIGRATING,MIGRATING,BBE6AB,2021.0,10.0,23.0,1634961700.0,38.561764,117.03359
True,MIGRATING,MIGRATING,BBE6AB,2021.0,10.0,24.0,1635048100.0,38.55743,117.03917
True,MIGRATING,MIGRATING,BBE6AB,2021.0,10.0,25.0,1635134500.0,38.54846,117.03432
True,MIGRATING,MIGRATING,BBE6AB,2021.0,10.0,26.0,1635220700.0,38.549576,117.03535
True,MIGRATING,MIGRATING,BBE6AB,2021.0,10.0,27.0,1635307300.0,38.549446,117.03526
True,MIGRATING,MIGRATING,BBE6AB,2021.0,10.0,28.0,1635393700.0,38.550003,117.03513
True,MIGRATING,MIGRATING,BBE6AB,2021.0,10.0,29.0,1635480000.0,38.550003,117.03513
True,MIGRATING,MIGRATING,BBE6AB,2021.0,10.0,31.0,1635652900.0,38.550003,117.035095
True,MIGRATING,MIGRATING,BBE6AB,2021.0,11.0,1.0,1635810700.0,38.550003,117.03513
True,MIGRATING,MIGRATING,BBE6AB,2021.0,11.0,4.0,1635998500.0,38.550003,117.03518
True,MIGRATING,MIGRATING,BBE6AB,2021.0,11.0,5.0,1636150700.0,38.550003,117.03513
True,MIGRATING,MIGRATING,BBE6AB,2021.0,11.0,6.0,1636171300.0,38.550003,117.035095
True,MIGRATING,MIGRATING,BBE6AB,2021.0,11.0,7.0,1636257700.0,38.550003,117.03513
True,MIGRATING,MIGRATING,BBE6AB,2021.0,11.0,8.0,1636344000.0,38.55009,117.03535
True,MIGRATING,MIGRATING,BBE6AB,2021.0,11.0,8.0,1636384100.0,38.550106,117.03537
True,MIGRATING,MIGRATING,BBE6AB,2021.0,11.0,10.0,1636517000.0,38.550003,117.03513
True,MIGRATING,MIGRATING,BBE6AB,2021.0,11.0,11.0,1636603300.0,38.550003,117.03518
True,MIGRATING,MIGRATING,BBE6AB,2021.0,11.0,12.0,1636689700.0,38.55005,117.03513
True,MIGRATING,MIGRATING,BBE6AB,2021.0,11.0,13.0,1636830700.0,38.550003,117.03518
True,MIGRATING,MIGRATING,BBE6AB,2021.0,11.0,13.0,1636831200.0,38.55002,117.03518
True,MIGRATING,MIGRATING,BBE6AB,2021.0,11.0,14.0,1636862500.0,38.54996,117.03513
True,MIGRATING,MIGRATING,BBE6AB,2021.0,11.0,15.0,1636948900.0,38.550003,117.03513
True,MIGRATING,MIGRATING,BBE6AB,2021.0,11.0,16.0,1637064000.0,38.55005,117.03518
True,MIGRATING,MIGRATING,BBE6AB,2021.0,11.0,16.0,1637087700.0,38.55007,117.03518
True,MIGRATING,MIGRATING,BBE6AB,2021.0,11.0,17.0,1637121700.0,38.550003,117.03513
True,MIGRATING,MIGRATING,BBE6AB,2021.0,11.0,18.0,1637208000.0,38.550003,117.03518
True,MIGRATING,MIGRATING,BBE6AB,2021.0,11.0,19.0,1637294300.0,38.550003,117.03513
True,MIGRATING,MIGRATING,BBE6AB,2021.0,11.0,20.0,1637380900.0,38.55005,117.03513
True,MIGRATING,MIGRATING,BBE6AB,2021.0,11.0,21.0,1637467300.0,38.55005,117.03513
True,MIGRATING,MIGRATING,BBE6AB,2021.0,11.0,21.0,1637511400.0,38.550053,117.03517
False,MIGRATING,SUMMER_HOME,BE8BA8,2021.0,6.0,13.0,1623560700.0,48.354362,110.15297
False,MIGRATING,SUMMER_HOME,BE8BA8,2021.0,6.0,13.0,1623567900.0,48.383717,110.17576
False,MIGRATING,SUMMER_HOME,BE8BA8,2021.0,6.0,14.0,1623646800.0,48.382687,110.16284
False,MIGRATING,SUMMER_HOME,BE8BA8,2021.0,6.0,15.0,1623733200.0,48.38144,110.175674
False,MIGRATING,SUMMER_HOME,BE8BA8,2021.0,6.0,16.0,1623813000.0,48.381474,110.175674
False,MIGRATING,SUMMER_HOME,BE8BA8,2021.0,6.0,16.0,1623819600.0,48.396675,110.24597
False,MIGRATING,SUMMER_HOME,BE8BA8,2021.0,6.0,16.0,1623824600.0,48.396698,110.245995
False,MIGRATING,SUMMER_HOME,BE8BA8,2021.0,6.0,17.0,1623906000.0,48.369553,110.17696
False,MIGRATING,SUMMER_HOME,BE8BA8,2021.0,6.0,18.0,1623992400.0,48.36625,110.17499
False,MIGRATING,SUMMER_HOME,BE8BA8,2021.0,6.0,19.0,1624063600.0,48.366272,110.17499
False,MIGRATING,SUMMER_HOME,BE8BA8,2021.0,6.0,19.0,1624069400.0,48.366272,110.17499
False,MIGRATING,SUMMER_HOME,BE8BA8,2021.0,6.0,19.0,1624078800.0,48.37037,110.1786
False,MIGRATING,SUMMER_HOME,BE8BA8,2021.0,6.0,20.0,1624165200.0,48.37543,110.171165
False,MIGRATING,SUMMER_HOME,BE8BA8,2021.0,6.0,21.0,1624242300.0,48.375435,110.1712
False,MIGRATING,SUMMER_HOME,BE8BA8,2021.0,6.0,21.0,1624251600.0,48.37891,110.15203
False,MIGRATING,SUMMER_HOME,BE8BA8,2021.0,6.0,22.0,1624331800.0,48.378933,110.15206
False,MIGRATING,SUMMER_HOME,BE8BA8,2021.0,6.0,22.0,1624338000.0,48.373543,110.16997
False,MIGRATING,SUMMER_HOME,BE8BA8,2021.0,6.0,23.0,1624424400.0,48.372086,110.17486
False,MIGRATING,SUMMER_HOME,BE8BA8,2021.0,6.0,24.0,1624510800.0,48.38058,110.161385
False,MIGRATING,SUMMER_HOME,BE8BA8,2021.0,6.0,25.0,1624597200.0,48.38144,110.150566
False,MIGRATING,SUMMER_HOME,BE8BA8,2021.0,6.0,26.0,1624683600.0,48.37629,110.15228
False,MIGRATING,SUMMER_HOME,BE8BA8,2021.0,6.0,27.0,1624770000.0,48.37655,110.15156
False,MIGRATING,SUMMER_HOME,BE8BA8,2021.0,6.0,28.0,1624856400.0,48.38067,110.16143
False,MIGRATING,SUMMER_HOME,BE8BA8,2021.0,6.0,29.0,1624942800.0,48.377365,110.1528
False,MIGRATING,SUMMER_HOME,BE8BA8,2021.0,6.0,30.0,1625029400.0,48.379467,110.15954
False,MIGRATING,SUMMER_HOME,BE8BA8,2021.0,7.0,1.0,1625115600.0,48.377064,110.19833
False,MIGRATING,SUMMER_HOME,BE8BA8,2021.0,7.0,2.0,1625202000.0,48.38994,110.16271
False,MIGRATING,SUMMER_HOME,BE8BA8,2021.0,7.0,2.0,1625256800.0,48.38994,110.16271
False,MIGRATING,SUMMER_HOME,BE8BA8,2021.0,7.0,3.0,1625288400.0,48.376205,110.152626
False,MIGRATING,SUMMER_HOME,BE8BA8,2021.0,7.0,4.0,1625375000.0,48.376163,110.15516
False,MIGRATING,SUMMER_HOME,BE8BA8,2021.0,7.0,5.0,1625461400.0,48.37659,110.15512
False,MIGRATING,SUMMER_HOME,BE8BA8,2021.0,7.0,6.0,1625547600.0,48.376335,110.15486
False,MIGRATING,SUMMER_HOME,BE8BA8,2021.0,7.0,6.0,1625602700.0,48.376358,110.154884
False,MIGRATING,SUMMER_HOME,BE8BA8,2021.0,7.0,7.0,1625634000.0,48.382343,110.1522
False,MIGRATING,SUMMER_HOME,BE8BA8,2021.0,7.0,7.0,1625692000.0,48.382366,110.15224
True,MIGRATING,MIGRATING,BE8BA8,2021.0,8.0,14.0,1628913700.0,37.31855,114.28636
True,MIGRATING,MIGRATING,BE8BA8,2021.0,8.0,15.0,1629000100.0,37.319107,114.28667
True,MIGRATING,MIGRATING,BE8BA8,2021.0,8.0,16.0,1629086500.0,37.319492,114.28718
True,MIGRATING,MIGRATING,BE8BA8,2021.0,8.0,17.0,1629172900.0,37.31919,114.2859
True,MIGRATING,MIGRATING,BE8BA8,2021.0,8.0,18.0,1629259300.0,37.316574,114.28641
True,MIGRATING,MIGRATING,BE8BA8,2021.0,8.0,19.0,1629345700.0,37.31709,114.28624
True,MIGRATING,MIGRATING,BE8BA8,2021.0,8.0,20.0,1629432000.0,37.319065,114.28654
True,MIGRATING,MIGRATING,BE8BA8,2021.0,8.0,21.0,1629518500.0,37.31649,114.28894
True,MIGRATING,MIGRATING,BE8BA8,2021.0,8.0,22.0,1629604900.0,37.316444,114.2895
True,MIGRATING,MIGRATING,BE8BA8,2021.0,8.0,23.0,1629691300.0,37.31593,114.29027
True,MIGRATING,MIGRATING,BE8BA8,2021.0,8.0,24.0,1629777700.0,37.316402,114.2901
True,MIGRATING,MIGRATING,BE8BA8,2021.0,8.0,25.0,1629864100.0,37.318504,114.28632
True,MIGRATING,MIGRATING,BE8BA8,2021.0,8.0,26.0,1629950500.0,37.318676,114.28731
True,MIGRATING,MIGRATING,BE8BA8,2021.0,8.0,27.0,1630036900.0,32.66837,111.77397
True,MIGRATING,MIGRATING,BE8BA8,2021.0,8.0,27.0,1630040400.0,32.668327,111.77363
True,MIGRATING,MIGRATING,BE8BA8,2021.0,8.0,28.0,1630126800.0,30.281202,109.66108
True,MIGRATING,MIGRATING,BE8BA8,2021.0,8.0,29.0,1630213400.0,28.573515,107.45227
True,MIGRATING,MIGRATING,BE8BA8,2021.0,8.0,29.0,1630262400.0,28.573553,107.45227
True,MIGRATING,MIGRATING,BE8BA8,2021.0,8.0,30.0,1630299600.0,27.595688,105.1124
True,MIGRATING,MIGRATING,BE8BA8,2021.0,8.0,31.0,1630386200.0,26.755577,101.89486
True,MIGRATING,MIGRATING,BE8BA8,2021.0,9.0,1.0,1630464800.0,26.755573,101.89487
True,MIGRATING,MIGRATING,BE8BA8,2021.0,9.0,1.0,1630472400.0,26.037132,98.39485
True,MIGRATING,MIGRATING,BE8BA8,2021.0,9.0,2.0,1630558800.0,25.725052,93.63095
True,MIGRATING,MIGRATING,BE8BA8,2021.0,9.0,2.0,1630562400.0,25.724922,93.63095
True,MIGRATING,MIGRATING,BE8BA8,2021.0,9.0,3.0,1630649000.0,26.594946,89.01532
True,MIGRATING,MIGRATING,BE8BA8,2021.0,9.0,4.0,1630735200.0,27.186234,86.11364
True,MIGRATING,MIGRATING,BE8BA8,2021.0,9.0,5.0,1630821800.0,27.982485,84.8433
True,MIGRATING,MIGRATING,BE8BA8,2021.0,9.0,6.0,1630894100.0,27.98249,84.84334
True,MIGRATING,MIGRATING,BE8BA8,2021.0,9.0,6.0,1630908000.0,27.983042,84.842705
True,MIGRATING,MIGRATING,BE8BA8,2021.0,9.0,7.0,1630994600.0,27.981499,84.84918
True,MIGRATING,MIGRATING,BE8BA8,2021.0,9.0,8.0,1631081000.0,27.981627,84.850296
True,MIGRATING,MIGRATING,BE8BA8,2021.0,9.0,9.0,1631167200.0,27.982227,84.849915
True,MIGRATING,MIGRATING,BE8BA8,2021.0,9.0,11.0,1631340200.0,29.676697,78.04315
True,MIGRATING,MIGRATING,BE8BA8,2021.0,9.0,11.0,1631343600.0,29.674337,78.040016
True,MIGRATING,MIGRATING,BE8BA8,2021.0,9.0,12.0,1631430000.0,30.098684,77.427956
True,MIGRATING,MIGRATING,BE8BA8,2021.0,9.0,13.0,1631516400.0,30.036585,77.46869
True,MIGRATING,MIGRATING,BE8BA8,2021.0,9.0,13.0,1631544800.0,30.03659,77.46871
True,MIGRATING,MIGRATING,BE8BA8,2021.0,9.0,13.0,1631574300.0,30.03659,77.46871
True,MIGRATING,MIGRATING,BE8BA8,2021.0,9.0,14.0,1631603000.0,30.037271,77.46946
True,MIGRATING,MIGRATING,BE8BA8,2021.0,9.0,15.0,1631689200.0,30.039804,77.47276
True,MIGRATING,MIGRATING,BE8BA8,2021.0,9.0,16.0,1631775700.0,30.05328,77.47478
True,MIGRATING,MIGRATING,BE8BA8,2021.0,9.0,17.0,1631862000.0,30.179966,77.408775
True,MIGRATING,MIGRATING,BE8BA8,2021.0,9.0,17.0,1631884900.0,30.180002,77.4088
True,MIGRATING,MIGRATING,BE8BA8,2021.0,9.0,19.0,1632035000.0,30.179579,77.40886
True,MIGRATING,MIGRATING,BE8BA8,2021.0,9.0,21.0,1632207700.0,30.179665,77.408775
True,MIGRATING,MIGRATING,BE8BA8,2021.0,9.0,21.0,1632225200.0,30.17967,77.40881
True,MIGRATING,MIGRATING,BE8BA8,2021.0,9.0,26.0,1632677900.0,30.17928,77.40938
True,MIGRATING,MIGRATING,BE8BA8,2021.0,9.0,27.0,1632726100.0,30.17988,77.40933
True,MIGRATING,MIGRATING,BE8BA8,2021.0,9.0,28.0,1632812400.0,30.17885,77.40822
True,MIGRATING,MIGRATING,BE8BA8,2021.0,9.0,29.0,1632904800.0,30.203526,77.47899
True,MIGRATING,MIGRATING,BE8BA8,2021.0,9.0,30.0,1632985200.0,30.201595,77.47873
True,MIGRATING,MIGRATING,BE8BA8,2021.0,10.0,1.0,1633071600.0,30.202625,77.47791
True,MIGRATING,MIGRATING,BE8BA8,2021.0,10.0,2.0,1633158000.0,30.202925,77.478386
True,MIGRATING,MIGRATING,BE8BA8,2021.0,10.0,3.0,1633244500.0,30.20314,77.47933
True,MIGRATING,MIGRATING,BE8BA8,2021.0,10.0,4.0,1633330800.0,30.202324,77.47817
True,MIGRATING,MIGRATING,BE8BA8,2021.0,10.0,5.0,1633417300.0,30.203054,77.4789
True,MIGRATING,MIGRATING,BE8BA8,2021.0,10.0,6.0,1633503600.0,30.203054,77.47881
True,MIGRATING,MIGRATING,BE8BA8,2021.0,10.0,7.0,1633590000.0,30.203398,77.47873
True,MIGRATING,MIGRATING,BE8BA8,2021.0,10.0,8.0,1633698000.0,30.20314,77.47899
True,MIGRATING,MIGRATING,BE8BA8,2021.0,10.0,9.0,1633762800.0,30.20357,77.4789
True,MIGRATING,MIGRATING,BE8BA8,2021.0,10.0,10.0,1633849200.0,30.203655,77.47894
True,MIGRATING,MIGRATING,BE8BA8,2021.0,10.0,11.0,1633925400.0,30.203682,77.47898
True,MIGRATING,MIGRATING,BE8BA8,2021.0,10.0,11.0,1633935600.0,26.609709,75.27005
True,MIGRATING,MIGRATING,BE8BA8,2021.0,10.0,12.0,1634022000.0,23.674427,71.77609
True,MIGRATING,MIGRATING,BE8BA8,2021.0,10.0,13.0,1634108400.0,20.228539,64.435295
True,MIGRATING,MIGRATING,BE8BA8,2021.0,10.0,13.0,1634112100.0,19.901566,64.030685
True,MIGRATING,MIGRATING,BE8BA8,2021.0,10.0,14.0,1634198400.0,12.752512,56.377808
True,MIGRATING,MIGRATING,BE8BA8,2021.0,10.0,15.0,1634284800.0,8.960125,49.071987
True,MIGRATING,MIGRATING,BE8BA8,2021.0,10.0,15.0,1634288400.0,8.958451,49.0722
True,MIGRATING,MIGRATING,BE8BA8,2021.0,10.0,16.0,1634374900.0,8.486468,48.70493
True,MIGRATING,MIGRATING,BE8BA8,2021.0,10.0,17.0,1634461200.0,8.484795,48.70566
True,MIGRATING,MIGRATING,BE8BA8,2021.0,10.0,18.0,1634521500.0,8.484794,48.705654
True,MIGRATING,MIGRATING,BE8BA8,2021.0,10.0,18.0,1634547700.0,8.48561,48.7042
True,MIGRATING,MIGRATING,BE8BA8,2021.0,10.0,19.0,1634634100.0,8.485696,48.703773
True,MIGRATING,MIGRATING,BE8BA8,2021.0,10.0,20.0,1634720500.0,8.485481,48.704117
True,MIGRATING,MIGRATING,BE8BA8,2021.0,10.0,21.0,1634806800.0,9.184916,48.895218
True,MIGRATING,MIGRATING,BE8BA8,2021.0,10.0,22.0,1634893200.0,9.188735,48.89852
True,MIGRATING,MIGRATING,BE8BA8,2021.0,10.0,23.0,1634979700.0,9.190366,48.89655
True,MIGRATING,MIGRATING,BE8BA8,2021.0,10.0,24.0,1635066100.0,9.183371,48.893585
True,MIGRATING,MIGRATING,BE8BA8,2021.0,10.0,25.0,1635152500.0,9.1884775,48.903072
True,MIGRATING,MIGRATING,BE8BA8,2021.0,10.0,25.0,1635201700.0,9.188508,48.903088
True,MIGRATING,MIGRATING,BE8BA8,2021.0,10.0,26.0,1635238900.0,9.189207,48.9029
True,MIGRATING,MIGRATING,BE8BA8,2021.0,10.0,27.0,1635325300.0,9.188134,48.903973
True,MIGRATING,MIGRATING,BE8BA8,2021.0,10.0,28.0,1635410300.0,9.188133,48.90401
True,MIGRATING,MIGRATING,BE8BA8,2021.0,10.0,28.0,1635411700.0,9.187576,48.903156
True,MIGRATING,MIGRATING,BE8BA8,2021.0,10.0,29.0,1635498100.0,9.188349,48.90629
True,MIGRATING,MIGRATING,BE8BA8,2021.0,10.0,30.0,1635584500.0,4.2777596,46.339607
True,MIGRATING,MIGRATING,BE8BA8,2021.0,10.0,31.0,1635670900.0,1.6864018,43.696667
True,MIGRATING,MIGRATING,BE8BA8,2021.0,11.0,1.0,1635757300.0,1.6872602,43.696236
True,MIGRATING,MIGRATING,BE8BA8,2021.0,11.0,2.0,1635843700.0,1.7348531,43.76194
True,MIGRATING,MIGRATING,BE8BA8,2021.0,11.0,3.0,1635930100.0,1.7321925,43.767563
True,MIGRATING,MIGRATING,BE8BA8,2021.0,11.0,4.0,1636016500.0,1.7382435,43.76649
True,MIGRATING,MIGRATING,BE8BA8,2021.0,11.0,5.0,1636102900.0,1.7384152,43.766403
True,MIGRATING,MIGRATING,BE8BA8,2021.0,11.0,6.0,1636189300.0,1.7380289,43.766705
True,MIGRATING,MIGRATING,BE8BA8,2021.0,11.0,6.0,1636221700.0,1.7380608,43.76672
True,MIGRATING,MIGRATING,BE8BA8,2021.0,11.0,7.0,1636275700.0,1.7382435,43.766747
True,MIGRATING,MIGRATING,BE8BA8,2021.0,11.0,8.0,1636362200.0,1.7380289,43.766747
True,MIGRATING,MIGRATING,BE8BA8,2021.0,11.0,9.0,1636448500.0,1.7382864,43.766876
True,MIGRATING,MIGRATING,BE8BA8,2021.0,11.0,10.0,1636534900.0,1.738501,43.766876
True,MIGRATING,MIGRATING,BE8BA8,2021.0,11.0,10.0,1636561700.0,1.7385007,43.766872
True,MIGRATING,MIGRATING,BE8BA8,2021.0,11.0,11.0,1636621300.0,1.7381148,43.767693
True,MIGRATING,MIGRATING,BE8BA8,2021.0,11.0,12.0,1636707700.0,1.738501,43.766834
True,MIGRATING,MIGRATING,BE8BA8,2021.0,11.0,13.0,1636794100.0,1.7195324,43.773186
True,MIGRATING,MIGRATING,BE8BA8,2021.0,11.0,14.0,1636880500.0,1.7210345,43.77885
True,MIGRATING,MIGRATING,BE8BA8,2021.0,11.0,14.0,1636901800.0,1.7210342,43.77889
True,MIGRATING,MIGRATING,BE8BA8,2021.0,11.0,15.0,1636966900.0,1.7205195,43.781082
True,MIGRATING,MIGRATING,BE8BA8,2021.0,11.0,16.0,1637053300.0,1.7212061,43.781208
True,MIGRATING,MIGRATING,BE8BA8,2021.0,11.0,17.0,1637139800.0,1.7212061,43.781082
True,MIGRATING,MIGRATING,BE8BA8,2021.0,11.0,18.0,1637226100.0,1.7087607,43.7734
False,MIGRATING,WINTER_HOME,BE8BA8,2021.0,11.0,19.0,1637312500.0,-1.8147616,40.420338
False,MIGRATING,WINTER_HOME,BE8BA8,2021.0,11.0,20.0,1637398900.0,-5.2397504,38.86208
False,MIGRATING,WINTER_HOME,BE8BA8,2021.0,11.0,21.0,1637485300.0,-8.552,37.569557
False,MIGRATING,WINTER_HOME,BE8BA8,2021.0,11.0,22.0,1637571700.0,-9.669172,37.491623
False,MIGRATING,WINTER_HOME,BE8BA8,2021.0,11.0,22.0,1637575300.0,-9.670202,37.49098
False,MIGRATING,WINTER_HOME,BE8BA8,2021.0,11.0,23.0,1637661700.0,-9.669644,37.491108
False,MIGRATING,WINTER_HOME,BE8BA8,2021.0,11.0,23.0,1637665400.0,-9.669675,37.491135
False,MIGRATING,WINTER_HOME,BE8BA8,2021.0,11.0,24.0,1637748100.0,-9.676682,37.5087
False,MIGRATING,WINTER_HOME,BE8BA8,2021.0,11.0,25.0,1637830900.0,-9.66973,37.49115
False,MIGRATING,WINTER_HOME,BE8BA8,2021.0,11.0,25.0,1637834500.0,-9.669559,37.49128
False,MIGRATING,WINTER_HOME,BE8BA8,2021.0,11.0,26.0,1637920900.0,-9.669344,37.49128
False,MIGRATING,WINTER_HOME,BE8BA8,2021.0,11.0,27.0,1638005500.0,-9.669343,37.491306
False,MIGRATING,WINTER_HOME,BE8BA8,2021.0,11.0,27.0,1638007400.0,-10.138109,37.661266
False,MIGRATING,WINTER_HOME,BE8BA8,2021.0,11.0,28.0,1638090100.0,-10.137594,37.66165
False,MIGRATING,WINTER_HOME,BE8BA8,2021.0,11.0,29.0,1638176400.0,-10.137251,37.661995
False,MIGRATING,WINTER_HOME,BE8BA8,2021.0,11.0,30.0,1638262900.0,-10.138023,37.662037
False,MIGRATING,WINTER_HOME,BE8BA8,2021.0,12.0,1.0,1638345600.0,-10.138042,37.662067
False,MIGRATING,WINTER_HOME,BE8BA8,2021.0,12.0,1.0,1638349300.0,-10.137852,37.66174
False,MIGRATING,WINTER_HOME,BE8BA8,2021.0,12.0,2.0,1638435700.0,-13.881443,36.41642
False,MIGRATING,WINTER_HOME,BE8BA8,2021.0,12.0,2.0,1638439300.0,-13.881228,36.416634
False,MIGRATING,WINTER_HOME,BE8BA8,2021.0,12.0,3.0,1638525800.0,-14.013409,36.409683
False,MIGRATING,WINTER_HOME,BE8BA8,2021.0,12.0,4.0,1638612100.0,-17.001862,34.733624
False,MIGRATING,WINTER_HOME,BE8BA8,2021.0,12.0,4.0,1638650000.0,-17.00187,34.733643
False,MIGRATING,WINTER_HOME,BE8BA8,2021.0,12.0,5.0,1638698500.0,-17.002033,34.73341
False,MIGRATING,WINTER_HOME,BE8BA8,2021.0,12.0,6.0,1638784900.0,-17.002077,34.733925
False,MIGRATING,WINTER_HOME,BE8BA8,2021.0,12.0,7.0,1638871300.0,-17.001991,34.73345
False,MIGRATING,WINTER_HOME,BE8BA8,2021.0,12.0,8.0,1638957700.0,-17.155628,35.08682
False,MIGRATING,WINTER_HOME,BE8BA8,2021.0,12.0,9.0,1639044100.0,-17.155928,35.08682
False,MIGRATING,WINTER_HOME,BE8BA8,2021.0,12.0,10.0,1639130500.0,-17.15314,35.089092
False,MIGRATING,WINTER_HOME,BE8BA8,2021.0,12.0,11.0,1639216900.0,-17.155756,35.08669
False,MIGRATING,WINTER_HOME,BE8BA8,2021.0,12.0,12.0,1639303300.0,-17.1558,35.0866
False,MIGRATING,WINTER_HOME,BE8BA8,2021.0,12.0,12.0,1639330000.0,-17.155817,35.08663
False,MIGRATING,WINTER_HOME,BE8BA8,2021.0,12.0,13.0,1639389700.0,-18.821774,33.843346
False,MIGRATING,WINTER_HOME,BE8BA8,2021.0,12.0,14.0,1639476100.0,-18.821386,33.840855
False,MIGRATING,WINTER_HOME,BE8BA8,2021.0,12.0,15.0,1639562500.0,-18.821688,33.84077
False,MIGRATING,WINTER_HOME,BE8BA8,2021.0,12.0,16.0,1639648900.0,-18.822245,33.84399
False,MIGRATING,WINTER_HOME,BE8BA8,2021.0,12.0,17.0,1639735300.0,-17.051086,35.456963
False,MIGRATING,WINTER_HOME,BE8BA8,2021.0,12.0,18.0,1639821700.0,-17.041172,35.435074
False,MIGRATING,WINTER_HOME,BE8BA8,2021.0,12.0,19.0,1639908100.0,-17.037739,35.43482
False,MIGRATING,WINTER_HOME,BE8BA8,2021.0,12.0,20.0,1639994500.0,-17.03744,35.434475
False,MIGRATING,WINTER_HOME,BE8BA8,2021.0,12.0,21.0,1640045700.0,-17.037436,35.4345
False,MIGRATING,WINTER_HOME,BE8BA8,2021.0,12.0,21.0,1640080900.0,-17.038254,35.433144
False,MIGRATING,WINTER_HOME,BE8BA8,2021.0,12.0,22.0,1640167300.0,-17.037481,35.433487
False,MIGRATING,WINTER_HOME,BE8BA8,2021.0,12.0,23.0,1640253600.0,-17.037567,35.433872
False,MIGRATING,WINTER_HOME,BE8BA8,2021.0,12.0,24.0,1640340100.0,-17.037138,35.4337
False,MIGRATING,WINTER_HOME,BE8BA8,2021.0,12.0,24.0,1640385700.0,-17.037136,35.4337
False,MIGRATING,WINTER_HOME,BE8BA8,2022.0,2.0,5.0,1644055300.0,-17.037182,35.43426
False,MIGRATING,WINTER_HOME,BE8BA8,2022.0,2.0,6.0,1644141700.0,-17.037481,35.434433
False,MIGRATING,WINTER_HOME,BE8BA8,2022.0,2.0,7.0,1644228100.0,-17.023233,35.426064
False,MIGRATING,WINTER_HOME,BE8BA8,2022.0,2.0,9.0,1644400900.0,-17.039328,35.436447
False,MIGRATING,WINTER_HOME,BE8BA8,2022.0,2.0,10.0,1644487400.0,-16.864748,35.440224
False,MIGRATING,WINTER_HOME,BE8BA8,2022.0,2.0,11.0,1644573700.0,-16.865305,35.44087
False,MIGRATING,WINTER_HOME,BE8BA8,2022.0,2.0,12.0,1644660100.0,-16.862345,35.44091
False,MIGRATING,WINTER_HOME,BE8BA8,2022.0,2.0,13.0,1644746500.0,-16.862688,35.44091
False,MIGRATING,WINTER_HOME,BE8BA8,2022.0,2.0,14.0,1644832900.0,-16.865477,35.439365
False,MIGRATING,WINTER_HOME,BE8BA8,2022.0,2.0,15.0,1644919200.0,-16.864662,35.439926
False,MIGRATING,WINTER_HOME,BE8BA8,2022.0,2.0,17.0,1645057400.0,-16.866808,35.44027
False,MIGRATING,WINTER_HOME,BE8BA8,2022.0,2.0,17.0,1645092100.0,-16.862946,35.440697
False,MIGRATING,WINTER_HOME,BE8BA8,2022.0,2.0,18.0,1645178500.0,-16.864017,35.440826
False,MIGRATING,WINTER_HOME,BE8BA8,2022.0,2.0,19.0,1645264900.0,-16.864834,35.440826
False,MIGRATING,WINTER_HOME,BE8BA8,2022.0,2.0,20.0,1645351300.0,-16.864834,35.440353
False,MIGRATING,WINTER_HOME,BE8BA8,2022.0,2.0,20.0,1645364400.0,-16.864862,35.440372
False,MIGRATING,WINTER_HOME,BE8BA8,2022.0,2.0,21.0,1645437800.0,-16.866722,35.439495
False,MIGRATING,WINTER_HOME,BE8BA8,2022.0,2.0,22.0,1645524100.0,-16.862043,35.440224
False,MIGRATING,WINTER_HOME,BE8BA8,2022.0,2.0,23.0,1645610500.0,-16.864233,35.43988
False,MIGRATING,WINTER_HOME,BE8BA8,2022.0,2.0,24.0,1645696900.0,-16.864061,35.43924
False,MIGRATING,WINTER_HOME,BE8BA8,2022.0,2.0,25.0,1645783400.0,-16.863546,35.43984
False,MIGRATING,WINTER_HOME,BE8BA8,2022.0,2.0,27.0,1645956100.0,-16.862816,35.44044
False,MIGRATING,WINTER_HOME,BE8BA8,2022.0,2.0,28.0,1646079200.0,-16.86389,35.439453
False,MIGRATING,WINTER_HOME,BE8BA8,2022.0,2.0,28.0,1646079600.0,-16.863897,35.43948
False,MIGRATING,SUMMER_HOME,B42651,2021.0,6.0,21.0,1624251600.0,48.378178,110.26945
False,MIGRATING,SUMMER_HOME,B42651,2021.0,6.0,22.0,1624338000.0,48.37745,110.2685
False,MIGRATING,SUMMER_HOME,B42651,2021.0,6.0,23.0,1624409500.0,48.377483,110.2685
False,MIGRATING,SUMMER_HOME,B42651,2021.0,6.0,23.0,1624415400.0,48.377483,110.2685
False,MIGRATING,SUMMER_HOME,B42651,2021.0,6.0,23.0,1624424400.0,48.376163,110.26631
False,MIGRATING,SUMMER_HOME,B42651,2021.0,6.0,24.0,1624510800.0,48.377537,110.27421
False,MIGRATING,SUMMER_HOME,B42651,2021.0,6.0,25.0,1624597200.0,48.37569,110.266266
False,MIGRATING,SUMMER_HOME,B42651,2021.0,6.0,26.0,1624683600.0,48.384357,110.26863
False,MIGRATING,SUMMER_HOME,B42651,2021.0,6.0,27.0,1624770200.0,48.395473,110.27026
False,MIGRATING,SUMMER_HOME,B42651,2021.0,6.0,28.0,1624856400.0,48.37569,110.26623
False,MIGRATING,SUMMER_HOME,B42651,2021.0,6.0,29.0,1624943000.0,48.394787,110.26919
False,MIGRATING,SUMMER_HOME,B42651,2021.0,6.0,30.0,1625029200.0,48.375088,110.27164
False,MIGRATING,SUMMER_HOME,B42651,2021.0,7.0,1.0,1625115600.0,48.377365,110.26893
False,MIGRATING,SUMMER_HOME,B42651,2021.0,7.0,2.0,1625202000.0,48.377365,110.26906
False,MIGRATING,SUMMER_HOME,B42651,2021.0,7.0,2.0,1625262600.0,48.3774,110.26908
False,MIGRATING,SUMMER_HOME,B42651,2021.0,7.0,3.0,1625288400.0,48.375946,110.26958
False,MIGRATING,SUMMER_HOME,B42651,2021.0,7.0,4.0,1625375000.0,48.395046,110.268845
False,MIGRATING,SUMMER_HOME,B42651,2021.0,7.0,4.0,1625435500.0,48.39508,110.268875
False,MIGRATING,SUMMER_HOME,B42651,2021.0,7.0,5.0,1625461200.0,48.38041,110.27009
False,MIGRATING,SUMMER_HOME,B42651,2021.0,7.0,6.0,1625547600.0,48.37762,110.278755
False,MIGRATING,SUMMER_HOME,B42651,2021.0,7.0,6.0,1625608400.0,48.377625,110.278755
False,MIGRATING,SUMMER_HOME,B42651,2021.0,7.0,7.0,1625634000.0,48.37758,110.278755
False,MIGRATING,SUMMER_HOME,B42651,2021.0,7.0,8.0,1625720600.0,48.394573,110.269356
False,MIGRATING,SUMMER_HOME,B42651,2021.0,7.0,8.0,1625764000.0,48.394596,110.269394
False,MIGRATING,SUMMER_HOME,B42651,2021.0,7.0,9.0,1625806800.0,48.39509,110.268974
False,MIGRATING,SUMMER_HOME,B42651,2021.0,7.0,10.0,1625893200.0,48.380154,110.27833
False,MIGRATING,SUMMER_HOME,B42651,2021.0,7.0,10.0,1625936900.0,48.380165,110.27833
True,MIGRATING,MIGRATING,B42651,2021.0,8.0,17.0,1629173000.0,39.383762,116.11383
True,MIGRATING,MIGRATING,B42651,2021.0,8.0,18.0,1629259300.0,39.38381,116.1134
True,MIGRATING,MIGRATING,B42651,2021.0,8.0,19.0,1629345700.0,39.383636,116.11344
True,MIGRATING,MIGRATING,B42651,2021.0,8.0,20.0,1629432000.0,39.383892,116.11349
True,MIGRATING,MIGRATING,B42651,2021.0,8.0,21.0,1629518500.0,39.38359,116.11375
True,MIGRATING,MIGRATING,B42651,2021.0,8.0,22.0,1629604900.0,39.383507,116.11387
True,MIGRATING,MIGRATING,B42651,2021.0,8.0,23.0,1629691400.0,39.38385,116.113914
True,MIGRATING,MIGRATING,B42651,2021.0,8.0,24.0,1629777700.0,39.383507,116.114174
True,MIGRATING,MIGRATING,B42651,2021.0,8.0,25.0,1629864100.0,37.568703,115.70669
True,MIGRATING,MIGRATING,B42651,2021.0,8.0,26.0,1629950500.0,34.53347,113.29275
True,MIGRATING,MIGRATING,B42651,2021.0,8.0,27.0,1630036900.0,31.956446,109.940025
True,MIGRATING,MIGRATING,B42651,2021.0,8.0,27.0,1630040600.0,31.956446,109.94024
True,MIGRATING,MIGRATING,B42651,2021.0,8.0,28.0,1630126800.0,29.429504,106.731636
True,MIGRATING,MIGRATING,B42651,2021.0,8.0,29.0,1630213200.0,30.257856,106.90222
True,MIGRATING,MIGRATING,B42651,2021.0,8.0,30.0,1630299600.0,29.966934,105.79561
True,MIGRATING,MIGRATING,B42651,2021.0,8.0,31.0,1630386200.0,27.313992,104.40867
True,MIGRATING,MIGRATING,B42651,2021.0,9.0,1.0,1630464800.0,27.313997,104.40867
True,MIGRATING,MIGRATING,B42651,2021.0,9.0,1.0,1630472400.0,25.764576,101.46849
True,MIGRATING,MIGRATING,B42651,2021.0,9.0,2.0,1630558800.0,24.985147,97.05731
True,MIGRATING,MIGRATING,B42651,2021.0,9.0,2.0,1630562400.0,24.985405,97.05692
True,MIGRATING,MIGRATING,B42651,2021.0,9.0,3.0,1630648800.0,24.473167,93.68
True,MIGRATING,MIGRATING,B42651,2021.0,9.0,4.0,1630721300.0,24.473173,93.68001
True,MIGRATING,MIGRATING,B42651,2021.0,9.0,4.0,1630735200.0,25.186077,91.309875
True,MIGRATING,MIGRATING,B42651,2021.0,9.0,5.0,1630821800.0,25.187279,91.305626
True,MIGRATING,MIGRATING,B42651,2021.0,9.0,5.0,1630858900.0,25.187284,91.30566
True,MIGRATING,MIGRATING,B42651,2021.0,9.0,6.0,1630908000.0,26.757338,88.01552
True,MIGRATING,MIGRATING,B42651,2021.0,9.0,7.0,1630994600.0,26.787334,88.2776
True,MIGRATING,MIGRATING,B42651,2021.0,9.0,7.0,1631031800.0,26.787363,88.277626
True,MIGRATING,MIGRATING,B42651,2021.0,9.0,8.0,1631081000.0,26.788708,88.27799
True,MIGRATING,MIGRATING,B42651,2021.0,9.0,9.0,1631167200.0,26.788622,88.27799
True,MIGRATING,MIGRATING,B42651,2021.0,9.0,10.0,1631253800.0,26.788622,88.27803
True,MIGRATING,MIGRATING,B42651,2021.0,9.0,11.0,1631340000.0,27.190567,81.04551
True,MIGRATING,MIGRATING,B42651,2021.0,9.0,11.0,1631343600.0,27.190783,81.04487
True,MIGRATING,MIGRATING,B42651,2021.0,9.0,13.0,1631573900.0,26.455729,76.451805
True,MIGRATING,MIGRATING,B42651,2021.0,9.0,13.0,1631574300.0,26.455734,76.45182
False,MIGRATING,SUMMER_HOME,A47C53,2021.0,6.0,20.0,1624152600.0,48.37874,110.2997
False,MIGRATING,SUMMER_HOME,A47C53,2021.0,6.0,20.0,1624153000.0,48.37874,110.29974
False,MIGRATING,SUMMER_HOME,A47C53,2021.0,6.0,21.0,1624241900.0,48.45135,110.19984
False,MIGRATING,SUMMER_HOME,A47C53,2021.0,6.0,21.0,1624251600.0,48.450447,110.20194
False,MIGRATING,SUMMER_HOME,A47C53,2021.0,6.0,22.0,1624331800.0,48.45047,110.20195
False,MIGRATING,SUMMER_HOME,A47C53,2021.0,6.0,22.0,1624338200.0,48.449203,110.202156
False,MIGRATING,SUMMER_HOME,A47C53,2021.0,6.0,23.0,1624424400.0,48.44826,110.21421
False,MIGRATING,SUMMER_HOME,A47C53,2021.0,6.0,24.0,1624511000.0,48.450447,110.20284
False,MIGRATING,SUMMER_HOME,A47C53,2021.0,6.0,25.0,1624659700.0,48.445812,110.19894
False,MIGRATING,SUMMER_HOME,A47C53,2021.0,6.0,26.0,1624683800.0,48.454826,110.206184
False,MIGRATING,SUMMER_HOME,A47C53,2021.0,6.0,27.0,1624770000.0,48.447315,110.217
False,MIGRATING,SUMMER_HOME,A47C53,2021.0,6.0,28.0,1624856600.0,48.441395,110.2058
False,MIGRATING,SUMMER_HOME,A47C53,2021.0,6.0,29.0,1624943000.0,48.44088,110.206184
False,MIGRATING,SUMMER_HOME,A47C53,2021.0,6.0,30.0,1625029200.0,48.44693,110.21932
False,MIGRATING,SUMMER_HOME,A47C53,2021.0,7.0,1.0,1625115600.0,48.451565,110.19958
False,MIGRATING,SUMMER_HOME,A47C53,2021.0,7.0,2.0,1625202000.0,48.449463,110.20456
False,MIGRATING,SUMMER_HOME,A47C53,2021.0,7.0,2.0,1625256800.0,48.449474,110.20456
False,MIGRATING,SUMMER_HOME,A47C53,2021.0,7.0,3.0,1625288400.0,48.4447,110.203354
False,MIGRATING,SUMMER_HOME,A47C53,2021.0,7.0,4.0,1625375000.0,48.444485,110.2034
False,MIGRATING,SUMMER_HOME,A47C53,2021.0,7.0,4.0,1625429800.0,48.44452,110.20341
False,MIGRATING,SUMMER_HOME,A47C53,2021.0,7.0,5.0,1625461200.0,48.450836,110.19984
False,MIGRATING,SUMMER_HOME,A47C53,2021.0,7.0,6.0,1625547600.0,48.44474,110.20357
False,MIGRATING,SUMMER_HOME,A47C53,2021.0,7.0,6.0,1625602700.0,48.444763,110.20357
False,MIGRATING,SUMMER_HOME,A47C53,2021.0,7.0,7.0,1625634000.0,48.450104,110.20443
False,MIGRATING,SUMMER_HOME,A47C53,2021.0,7.0,7.0,1625692000.0,48.450108,110.20444
False,MIGRATING,SUMMER_HOME,A47C53,2021.0,7.0,8.0,1625720400.0,48.450275,110.190994
False,MIGRATING,SUMMER_HOME,A47C53,2021.0,7.0,9.0,1625806800.0,48.43968,110.2188
False,MIGRATING,SUMMER_HOME,A47C53,2021.0,7.0,9.0,1625865000.0,48.43969,110.21884
True,MIGRATING,MIGRATING,A47C53,2021.0,7.0,23.0,1627016400.0,39.551777,109.8436
True,MIGRATING,MIGRATING,A47C53,2021.0,7.0,24.0,1627102800.0,39.54268,109.85501
True,MIGRATING,MIGRATING,A47C53,2021.0,7.0,25.0,1627189200.0,39.53766,109.859604
True,MIGRATING,MIGRATING,A47C53,2021.0,7.0,26.0,1627275600.0,39.54607,109.856125
True,MIGRATING,MIGRATING,A47C53,2021.0,7.0,27.0,1627362000.0,35.70905,110.91094
True,MIGRATING,MIGRATING,A47C53,2021.0,7.0,28.0,1627448600.0,35.739994,110.80649
True,MIGRATING,MIGRATING,A47C53,2021.0,7.0,29.0,1627541600.0,35.739994,110.806656
True,MIGRATING,MIGRATING,A47C53,2021.0,7.0,30.0,1627621400.0,35.739048,110.80739
True,MIGRATING,MIGRATING,A47C53,2021.0,7.0,31.0,1627707800.0,35.739906,110.80533
True,MIGRATING,MIGRATING,A47C53,2021.0,8.0,1.0,1627794200.0,35.73995,110.8061
True,MIGRATING,MIGRATING,A47C53,2021.0,8.0,2.0,1627880600.0,35.740036,110.80597
True,MIGRATING,MIGRATING,A47C53,2021.0,8.0,3.0,1627967000.0,35.739864,110.805756
True,MIGRATING,MIGRATING,A47C53,2021.0,8.0,4.0,1628053400.0,35.738747,110.804985
True,MIGRATING,MIGRATING,A47C53,2021.0,8.0,5.0,1628139600.0,35.738705,110.80756
True,MIGRATING,MIGRATING,A47C53,2021.0,8.0,6.0,1628226200.0,35.73729,110.808334
True,MIGRATING,MIGRATING,A47C53,2021.0,8.0,7.0,1628312400.0,35.739822,110.806786
True,MIGRATING,MIGRATING,A47C53,2021.0,8.0,9.0,1628485400.0,35.73849,110.804726
True,MIGRATING,MIGRATING,A47C53,2021.0,8.0,10.0,1628562000.0,35.738518,110.804726
True,MIGRATING,MIGRATING,A47C53,2021.0,8.0,10.0,1628571800.0,35.73832,110.80662
True,MIGRATING,MIGRATING,A47C53,2021.0,8.0,11.0,1628658200.0,35.73939,110.806015
True,MIGRATING,MIGRATING,A47C53,2021.0,8.0,12.0,1628744400.0,35.739822,110.80593
True,MIGRATING,MIGRATING,A47C53,2021.0,8.0,13.0,1628831000.0,35.74012,110.80644
True,MIGRATING,MIGRATING,A47C53,2021.0,8.0,14.0,1628902100.0,35.740128,110.80648
True,MIGRATING,MIGRATING,A47C53,2021.0,8.0,14.0,1628917400.0,35.739735,110.80675
True,MIGRATING,MIGRATING,A47C53,2021.0,8.0,15.0,1629003800.0,35.74012,110.80683
True,MIGRATING,MIGRATING,A47C53,2021.0,8.0,16.0,1629090300.0,35.73952,110.807175
True,MIGRATING,MIGRATING,A47C53,2021.0,8.0,17.0,1629176400.0,35.740036,110.8061
True,MIGRATING,MIGRATING,A47C53,2021.0,8.0,19.0,1629349400.0,33.13061,110.964714
True,MIGRATING,MIGRATING,A47C53,2021.0,8.0,20.0,1629435600.0,30.153143,110.197945
True,MIGRATING,MIGRATING,A47C53,2021.0,8.0,21.0,1629522000.0,27.677141,107.92318
True,MIGRATING,MIGRATING,A47C53,2021.0,8.0,21.0,1629528000.0,27.677147,107.92319
True,MIGRATING,MIGRATING,A47C53,2021.0,8.0,22.0,1629608400.0,26.711975,105.56661
True,MIGRATING,MIGRATING,A47C53,2021.0,8.0,23.0,1629694800.0,24.865715,102.257576
True,MIGRATING,MIGRATING,A47C53,2021.0,8.0,24.0,1629781200.0,23.126612,96.65489
True,MIGRATING,MIGRATING,A47C53,2021.0,8.0,24.0,1629785000.0,23.126698,96.65489
True,MIGRATING,MIGRATING,A47C53,2021.0,8.0,25.0,1629871200.0,24.996391,94.38721
True,MIGRATING,MIGRATING,A47C53,2021.0,8.0,26.0,1629957400.0,24.99642,94.387215
True,MIGRATING,MIGRATING,A47C53,2021.0,8.0,27.0,1630044000.0,25.530516,92.07325
True,MIGRATING,MIGRATING,A47C53,2021.0,8.0,28.0,1630130400.0,25.530989,92.07377
True,MIGRATING,MIGRATING,A47C53,2021.0,8.0,29.0,1630216800.0,25.525194,92.07892
True,MIGRATING,MIGRATING,A47C53,2021.0,8.0,30.0,1630297600.0,25.525232,92.07892
True,MIGRATING,MIGRATING,A47C53,2021.0,8.0,30.0,1630303500.0,25.525795,92.07956
True,MIGRATING,MIGRATING,A47C53,2021.0,8.0,31.0,1630389800.0,25.528713,92.08329
True,MIGRATING,MIGRATING,A47C53,2021.0,9.0,1.0,1630476000.0,25.530602,92.079605
True,MIGRATING,MIGRATING,A47C53,2021.0,9.0,2.0,1630562400.0,25.531761,92.07462
True,MIGRATING,MIGRATING,A47C53,2021.0,9.0,3.0,1630649000.0,25.531675,92.07462
True,MIGRATING,MIGRATING,A47C53,2021.0,9.0,4.0,1630774800.0,25.42104,86.8408
True,MIGRATING,MIGRATING,A47C53,2021.0,9.0,5.0,1630821800.0,25.97735,84.26691
True,MIGRATING,MIGRATING,A47C53,2021.0,9.0,6.0,1630894100.0,25.977367,84.26692
True,MIGRATING,MIGRATING,A47C53,2021.0,9.0,6.0,1630908200.0,26.122877,81.5886
True,MIGRATING,MIGRATING,A47C53,2021.0,9.0,6.0,1630911700.0,26.124422,81.5862
True,MIGRATING,MIGRATING,A47C53,2021.0,9.0,8.0,1631084400.0,26.059662,77.63215
True,MIGRATING,MIGRATING,A47C53,2021.0,9.0,9.0,1631170800.0,26.093222,77.81085
True,MIGRATING,MIGRATING,A47C53,2021.0,9.0,10.0,1631257200.0,26.089317,77.80896
True,MIGRATING,MIGRATING,A47C53,2021.0,9.0,10.0,1631288200.0,26.089312,77.80895
True,MIGRATING,MIGRATING,A47C53,2021.0,9.0,11.0,1631343600.0,26.091248,77.80664
True,MIGRATING,MIGRATING,A47C53,2021.0,9.0,12.0,1631490300.0,26.090347,77.80733
True,MIGRATING,MIGRATING,A47C53,2021.0,9.0,12.0,1631490700.0,26.090364,77.80733
True,MIGRATING,MIGRATING,A47C53,2021.0,9.0,14.0,1631603000.0,25.230152,73.90169
True,MIGRATING,MIGRATING,A47C53,2021.0,9.0,14.0,1631628300.0,25.23019,73.901695
True,MIGRATING,MIGRATING,A47C53,2021.0,9.0,15.0,1631689300.0,25.32302,73.933876
True,MIGRATING,MIGRATING,A47C53,2021.0,9.0,15.0,1631747300.0,25.323038,73.93391
True,MIGRATING,MIGRATING,A47C53,2021.0,9.0,16.0,1631775600.0,25.380785,74.03962
True,MIGRATING,MIGRATING,A47C53,2021.0,9.0,18.0,1631968100.0,25.379883,74.03468
True,MIGRATING,MIGRATING,A47C53,2021.0,9.0,18.0,1631968500.0,25.3799,74.0347
True,MIGRATING,MIGRATING,A47C53,2021.0,9.0,20.0,1632170800.0,25.381643,74.03752
True,MIGRATING,MIGRATING,A47C53,2021.0,9.0,20.0,1632171000.0,25.38167,74.03755
True,MIGRATING,MIGRATING,A47C53,2021.0,9.0,22.0,1632308400.0,25.383017,74.03816
True,MIGRATING,MIGRATING,A47C53,2021.0,9.0,24.0,1632467100.0,25.385506,74.04567
True,MIGRATING,MIGRATING,A47C53,2021.0,9.0,26.0,1632648300.0,25.380957,74.03945
True,MIGRATING,MIGRATING,A47C53,2021.0,9.0,28.0,1632850800.0,25.385033,74.046104
True,MIGRATING,MIGRATING,A47C53,2021.0,9.0,29.0,1632898800.0,25.380999,74.03949
True,MIGRATING,MIGRATING,A47C53,2021.0,9.0,30.0,1632988300.0,25.3813,74.034515
True,MIGRATING,MIGRATING,A47C53,2021.0,10.0,1.0,1633071700.0,25.388895,74.042625
True,MIGRATING,MIGRATING,A47C53,2021.0,10.0,3.0,1633244800.0,25.381771,74.03893
True,MIGRATING,MIGRATING,A47C53,2021.0,10.0,4.0,1633331000.0,24.917513,74.16987
True,MIGRATING,MIGRATING,A47C53,2021.0,10.0,5.0,1633417300.0,24.917427,74.170166
True,MIGRATING,MIGRATING,A47C53,2021.0,10.0,6.0,1633530800.0,24.916397,74.17279
True,MIGRATING,MIGRATING,A47C53,2021.0,10.0,7.0,1633590000.0,24.916225,74.17304
True,MIGRATING,MIGRATING,A47C53,2021.0,10.0,8.0,1633676500.0,24.913523,74.17227
True,MIGRATING,MIGRATING,A47C53,2021.0,10.0,10.0,1633849200.0,24.914553,74.1727
True,MIGRATING,MIGRATING,A47C53,2021.0,10.0,12.0,1634022100.0,24.914295,74.17309
True,MIGRATING,MIGRATING,A47C53,2021.0,10.0,14.0,1634210800.0,24.914896,74.17394
True,MIGRATING,MIGRATING,A47C53,2021.0,10.0,15.0,1634281300.0,24.914724,74.172104
True,MIGRATING,MIGRATING,A47C53,2021.0,10.0,16.0,1634348900.0,24.914762,74.17211
False,MIGRATING,SUMMER_HOME,B46FBE,2021.0,10.0,12.0,1634011300.0,45.25819,113.99926
False,MIGRATING,SUMMER_HOME,B46FBE,2021.0,10.0,13.0,1634097700.0,45.257675,113.99939
False,MIGRATING,SUMMER_HOME,B46FBE,2021.0,10.0,14.0,1634184100.0,45.257633,113.999435
False,MIGRATING,SUMMER_HOME,B46FBE,2021.0,10.0,15.0,1634270500.0,45.257633,113.999435
False,MIGRATING,SUMMER_HOME,B46FBE,2021.0,10.0,16.0,1634356900.0,45.257633,113.999435
False,MIGRATING,SUMMER_HOME,B46FBE,2021.0,10.0,18.0,1634529700.0,45.257675,113.99939
False,MIGRATING,SUMMER_HOME,B46FBE,2021.0,10.0,19.0,1634616000.0,45.257633,113.99939
False,MIGRATING,SUMMER_HOME,B46FBE,2021.0,10.0,20.0,1634702500.0,45.257633,113.999435
False,MIGRATING,SUMMER_HOME,B46FBE,2021.0,10.0,21.0,1634788900.0,45.257633,113.99939
False,MIGRATING,SUMMER_HOME,B46FBE,2021.0,10.0,22.0,1634875300.0,45.257633,113.99939
False,MIGRATING,SUMMER_HOME,B46FBE,2021.0,10.0,23.0,1634961700.0,45.257633,113.999435
False,MIGRATING,SUMMER_HOME,B46FBE,2021.0,10.0,24.0,1635048100.0,45.257675,113.99947
False,MIGRATING,SUMMER_HOME,B46FBE,2021.0,10.0,25.0,1635134500.0,45.257633,113.99952
False,MIGRATING,SUMMER_HOME,B46FBE,2021.0,10.0,26.0,1635220900.0,45.257633,113.999435
False,MIGRATING,SUMMER_HOME,B46FBE,2021.0,10.0,27.0,1635307300.0,45.257633,113.99939
False,MIGRATING,SUMMER_HOME,B46FBE,2021.0,10.0,28.0,1635393700.0,45.257633,113.999435
False,MIGRATING,SUMMER_HOME,B46FBE,2021.0,10.0,28.0,1635453400.0,45.257668,113.999435
